<?xml version="1.0" encoding="ISO-8859-1"?>
<EMPDETAIL_FEDTAXES>
<EMPDETAIL_FEDTAXES-ROW>
    <PERSON_ID>32</PERSON_ID>
    <COMPANY>ALB</COMPANY>
    <TAX_ID>FEDERAL</TAX_ID>
    <TAX_CODE>FEDERAL</TAX_CODE>
    <TAX_STATUS/>
    <MARITAL_STATUS>M</MARITAL_STATUS>
    <EXEMPTION_CODE/>
    <EXEMPTIONS>5</EXEMPTIONS>
    <EXEMPT_AMOUNT>0.00</EXEMPT_AMOUNT>
    <EXTRA_AMOUNT>0.00</EXTRA_AMOUNT>
    <QTD_TOTAL_WAGES>0.00</QTD_TOTAL_WAGES>
    <QTD_TAXABLE_WAGES>0.00</QTD_TAXABLE_WAGES>
    <QTD_TAX_AMOUNT>0.00</QTD_TAX_AMOUNT>
    <YTD_TOTAL_WAGES>0.00</YTD_TOTAL_WAGES>
    <YTD_TAXABLE_WAGES>0.00</YTD_TAXABLE_WAGES>
    <YTD_TAX_AMOUNT>0.00</YTD_TAX_AMOUNT>
    <START_DATE/>
    <END_DATE/>
    <WEEKS_WORKED>220.00</WEEKS_WORKED>
    <PRIORITY>0.00</PRIORITY>
</EMPDETAIL_FEDTAXES-ROW>
<EMPDETAIL_FEDTAXES-ROW>
    <PERSON_ID>33</PERSON_ID>
    <COMPANY>ALB</COMPANY>
    <TAX_ID>FEDERAL</TAX_ID>
    <TAX_CODE>FEDERAL</TAX_CODE>
    <TAX_STATUS>A</TAX_STATUS>
    <MARITAL_STATUS>S</MARITAL_STATUS>
    <EXEMPTION_CODE/>
    <EXEMPTIONS>0</EXEMPTIONS>
    <EXEMPT_AMOUNT>0.00</EXEMPT_AMOUNT>
    <EXTRA_AMOUNT>0.00</EXTRA_AMOUNT>
    <QTD_TOTAL_WAGES>0.00</QTD_TOTAL_WAGES>
    <QTD_TAXABLE_WAGES>0.00</QTD_TAXABLE_WAGES>
    <QTD_TAX_AMOUNT>0.00</QTD_TAX_AMOUNT>
    <YTD_TOTAL_WAGES>0.00</YTD_TOTAL_WAGES>
    <YTD_TAXABLE_WAGES>0.00</YTD_TAXABLE_WAGES>
    <YTD_TAX_AMOUNT>0.00</YTD_TAX_AMOUNT>
    <START_DATE/>
    <END_DATE/>
    <WEEKS_WORKED>44.00</WEEKS_WORKED>
    <PRIORITY>0.00</PRIORITY>
</EMPDETAIL_FEDTAXES-ROW>
<EMPDETAIL_FEDTAXES-ROW>
    <PERSON_ID>33</PERSON_ID>
    <COMPANY>ALB</COMPANY>
    <TAX_ID>OASDI</TAX_ID>
    <TAX_CODE>EMPE</TAX_CODE>
    <TAX_STATUS>A</TAX_STATUS>
    <MARITAL_STATUS/>
    <EXEMPTION_CODE/>
    <EXEMPTIONS/>
    <EXEMPT_AMOUNT/>
    <EXTRA_AMOUNT/>
    <QTD_TOTAL_WAGES>0.00</QTD_TOTAL_WAGES>
    <QTD_TAXABLE_WAGES>0.00</QTD_TAXABLE_WAGES>
    <QTD_TAX_AMOUNT>0.00</QTD_TAX_AMOUNT>
    <YTD_TOTAL_WAGES>0.00</YTD_TOTAL_WAGES>
    <YTD_TAXABLE_WAGES>0.00</YTD_TAXABLE_WAGES>
    <YTD_TAX_AMOUNT>0.00</YTD_TAX_AMOUNT>
    <START_DATE/>
    <END_DATE/>
    <WEEKS_WORKED>44.00</WEEKS_WORKED>
    <PRIORITY/>
</EMPDETAIL_FEDTAXES-ROW>
<EMPDETAIL_FEDTAXES-ROW>
    <PERSON_ID>33</PERSON_ID>
    <COMPANY>ALB</COMPANY>
    <TAX_ID>OASDI</TAX_ID>
    <TAX_CODE>EMPR</TAX_CODE>
    <TAX_STATUS>A</TAX_STATUS>
    <MARITAL_STATUS/>
    <EXEMPTION_CODE/>
    <EXEMPTIONS/>
    <EXEMPT_AMOUNT/>
    <EXTRA_AMOUNT/>
    <QTD_TOTAL_WAGES>0.00</QTD_TOTAL_WAGES>
    <QTD_TAXABLE_WAGES>0.00</QTD_TAXABLE_WAGES>
    <QTD_TAX_AMOUNT>0.00</QTD_TAX_AMOUNT>
    <YTD_TOTAL_WAGES>0.00</YTD_TOTAL_WAGES>
    <YTD_TAXABLE_WAGES>0.00</YTD_TAXABLE_WAGES>
    <YTD_TAX_AMOUNT>0.00</YTD_TAX_AMOUNT>
    <START_DATE/>
    <END_DATE/>
    <WEEKS_WORKED>44.00</WEEKS_WORKED>
    <PRIORITY/>
</EMPDETAIL_FEDTAXES-ROW>
<EMPDETAIL_FEDTAXES-ROW>
    <PERSON_ID>34</PERSON_ID>
    <COMPANY>ALB</COMPANY>
    <TAX_ID>FEDERAL</TAX_ID>
    <TAX_CODE>FEDERAL</TAX_CODE>
    <TAX_STATUS>A</TAX_STATUS>
    <MARITAL_STATUS>S</MARITAL_STATUS>
    <EXEMPTION_CODE/>
    <EXEMPTIONS>2</EXEMPTIONS>
    <EXEMPT_AMOUNT>0.00</EXEMPT_AMOUNT>
    <EXTRA_AMOUNT>0.00</EXTRA_AMOUNT>
    <QTD_TOTAL_WAGES>0.00</QTD_TOTAL_WAGES>
    <QTD_TAXABLE_WAGES>0.00</QTD_TAXABLE_WAGES>
    <QTD_TAX_AMOUNT>0.00</QTD_TAX_AMOUNT>
    <YTD_TOTAL_WAGES>0.00</YTD_TOTAL_WAGES>
    <YTD_TAXABLE_WAGES>0.00</YTD_TAXABLE_WAGES>
    <YTD_TAX_AMOUNT>0.00</YTD_TAX_AMOUNT>
    <START_DATE/>
    <END_DATE/>
    <WEEKS_WORKED>281.00</WEEKS_WORKED>
    <PRIORITY>0.00</PRIORITY>
</EMPDETAIL_FEDTAXES-ROW>
<EMPDETAIL_FEDTAXES-ROW>
    <PERSON_ID>34</PERSON_ID>
    <COMPANY>ALB</COMPANY>
    <TAX_ID>OASDI</TAX_ID>
    <TAX_CODE>EMPE</TAX_CODE>
    <TAX_STATUS>A</TAX_STATUS>
    <MARITAL_STATUS/>
    <EXEMPTION_CODE/>
    <EXEMPTIONS>0</EXEMPTIONS>
    <EXEMPT_AMOUNT>0.00</EXEMPT_AMOUNT>
    <EXTRA_AMOUNT>0.00</EXTRA_AMOUNT>
    <QTD_TOTAL_WAGES>0.00</QTD_TOTAL_WAGES>
    <QTD_TAXABLE_WAGES>0.00</QTD_TAXABLE_WAGES>
    <QTD_TAX_AMOUNT>0.00</QTD_TAX_AMOUNT>
    <YTD_TOTAL_WAGES>0.00</YTD_TOTAL_WAGES>
    <YTD_TAXABLE_WAGES>0.00</YTD_TAXABLE_WAGES>
    <YTD_TAX_AMOUNT>0.00</YTD_TAX_AMOUNT>
    <START_DATE/>
    <END_DATE/>
    <WEEKS_WORKED>281.00</WEEKS_WORKED>
    <PRIORITY>0.00</PRIORITY>
</EMPDETAIL_FEDTAXES-ROW>
<EMPDETAIL_FEDTAXES-ROW>
    <PERSON_ID>34</PERSON_ID>
    <COMPANY>ALB</COMPANY>
    <TAX_ID>OASDI</TAX_ID>
    <TAX_CODE>EMPR</TAX_CODE>
    <TAX_STATUS>A</TAX_STATUS>
    <MARITAL_STATUS/>
    <EXEMPTION_CODE/>
    <EXEMPTIONS>0</EXEMPTIONS>
    <EXEMPT_AMOUNT>0.00</EXEMPT_AMOUNT>
    <EXTRA_AMOUNT>0.00</EXTRA_AMOUNT>
    <QTD_TOTAL_WAGES>0.00</QTD_TOTAL_WAGES>
    <QTD_TAXABLE_WAGES>0.00</QTD_TAXABLE_WAGES>
    <QTD_TAX_AMOUNT>0.00</QTD_TAX_AMOUNT>
    <YTD_TOTAL_WAGES>0.00</YTD_TOTAL_WAGES>
    <YTD_TAXABLE_WAGES>0.00</YTD_TAXABLE_WAGES>
    <YTD_TAX_AMOUNT>0.00</YTD_TAX_AMOUNT>
    <START_DATE/>
    <END_DATE/>
    <WEEKS_WORKED>281.00</WEEKS_WORKED>
    <PRIORITY>0.00</PRIORITY>
</EMPDETAIL_FEDTAXES-ROW>
<EMPDETAIL_FEDTAXES-ROW>
    <PERSON_ID>34</PERSON_ID>
    <COMPANY>ALB</COMPANY>
    <TAX_ID>MEDICARE</TAX_ID>
    <TAX_CODE>EMPE</TAX_CODE>
    <TAX_STATUS>A</TAX_STATUS>
    <MARITAL_STATUS/>
    <EXEMPTION_CODE/>
    <EXEMPTIONS>0</EXEMPTIONS>
    <EXEMPT_AMOUNT>0.00</EXEMPT_AMOUNT>
    <EXTRA_AMOUNT>0.00</EXTRA_AMOUNT>
    <QTD_TOTAL_WAGES>0.00</QTD_TOTAL_WAGES>
    <QTD_TAXABLE_WAGES>0.00</QTD_TAXABLE_WAGES>
    <QTD_TAX_AMOUNT>0.00</QTD_TAX_AMOUNT>
    <YTD_TOTAL_WAGES>0.00</YTD_TOTAL_WAGES>
    <YTD_TAXABLE_WAGES>0.00</YTD_TAXABLE_WAGES>
    <YTD_TAX_AMOUNT>0.00</YTD_TAX_AMOUNT>
    <START_DATE/>
    <END_DATE/>
    <WEEKS_WORKED>281.00</WEEKS_WORKED>
    <PRIORITY>0.00</PRIORITY>
</EMPDETAIL_FEDTAXES-ROW>
<EMPDETAIL_FEDTAXES-ROW>
    <PERSON_ID>34</PERSON_ID>
    <COMPANY>ALB</COMPANY>
    <TAX_ID>MEDICARE</TAX_ID>
    <TAX_CODE>EMPR</TAX_CODE>
    <TAX_STATUS>A</TAX_STATUS>
    <MARITAL_STATUS/>
    <EXEMPTION_CODE/>
    <EXEMPTIONS>0</EXEMPTIONS>
    <EXEMPT_AMOUNT>0.00</EXEMPT_AMOUNT>
    <EXTRA_AMOUNT>0.00</EXTRA_AMOUNT>
    <QTD_TOTAL_WAGES>0.00</QTD_TOTAL_WAGES>
    <QTD_TAXABLE_WAGES>0.00</QTD_TAXABLE_WAGES>
    <QTD_TAX_AMOUNT>0.00</QTD_TAX_AMOUNT>
    <YTD_TOTAL_WAGES>0.00</YTD_TOTAL_WAGES>
    <YTD_TAXABLE_WAGES>0.00</YTD_TAXABLE_WAGES>
    <YTD_TAX_AMOUNT>0.00</YTD_TAX_AMOUNT>
    <START_DATE/>
    <END_DATE/>
    <WEEKS_WORKED>281.00</WEEKS_WORKED>
    <PRIORITY>0.00</PRIORITY>
</EMPDETAIL_FEDTAXES-ROW>
<EMPDETAIL_FEDTAXES-ROW>
    <PERSON_ID>34</PERSON_ID>
    <COMPANY>ALB</COMPANY>
    <TAX_ID>STATE</TAX_ID>
    <TAX_CODE>NJ</TAX_CODE>
    <TAX_STATUS>A</TAX_STATUS>
    <MARITAL_STATUS>S</MARITAL_STATUS>
    <EXEMPTION_CODE/>
    <EXEMPTIONS>2</EXEMPTIONS>
    <EXEMPT_AMOUNT>0.00</EXEMPT_AMOUNT>
    <EXTRA_AMOUNT>0.00</EXTRA_AMOUNT>
    <QTD_TOTAL_WAGES>0.00</QTD_TOTAL_WAGES>
    <QTD_TAXABLE_WAGES>0.00</QTD_TAXABLE_WAGES>
    <QTD_TAX_AMOUNT>0.00</QTD_TAX_AMOUNT>
    <YTD_TOTAL_WAGES>0.00</YTD_TOTAL_WAGES>
    <YTD_TAXABLE_WAGES>0.00</YTD_TAXABLE_WAGES>
    <YTD_TAX_AMOUNT>0.00</YTD_TAX_AMOUNT>
    <START_DATE/>
    <END_DATE/>
    <WEEKS_WORKED>281.00</WEEKS_WORKED>
    <PRIORITY>0.00</PRIORITY>
</EMPDETAIL_FEDTAXES-ROW>
<EMPDETAIL_FEDTAXES-ROW>
    <PERSON_ID>34</PERSON_ID>
    <COMPANY>ALB</COMPANY>
    <TAX_ID>SDI</TAX_ID>
    <TAX_CODE>NJ</TAX_CODE>
    <TAX_STATUS>A</TAX_STATUS>
    <MARITAL_STATUS/>
    <EXEMPTION_CODE/>
    <EXEMPTIONS>0</EXEMPTIONS>
    <EXEMPT_AMOUNT>0.00</EXEMPT_AMOUNT>
    <EXTRA_AMOUNT>0.00</EXTRA_AMOUNT>
    <QTD_TOTAL_WAGES>0.00</QTD_TOTAL_WAGES>
    <QTD_TAXABLE_WAGES>0.00</QTD_TAXABLE_WAGES>
    <QTD_TAX_AMOUNT>0.00</QTD_TAX_AMOUNT>
    <YTD_TOTAL_WAGES>0.00</YTD_TOTAL_WAGES>
    <YTD_TAXABLE_WAGES>0.00</YTD_TAXABLE_WAGES>
    <YTD_TAX_AMOUNT>0.00</YTD_TAX_AMOUNT>
    <START_DATE/>
    <END_DATE/>
    <WEEKS_WORKED>178.00</WEEKS_WORKED>
    <PRIORITY>0.00</PRIORITY>
</EMPDETAIL_FEDTAXES-ROW>
<EMPDETAIL_FEDTAXES-ROW>
    <PERSON_ID>35</PERSON_ID>
    <COMPANY>ALB</COMPANY>
    <TAX_ID>FEDERAL</TAX_ID>
    <TAX_CODE>FEDERAL</TAX_CODE>
    <TAX_STATUS/>
    <MARITAL_STATUS>M</MARITAL_STATUS>
    <EXEMPTION_CODE/>
    <EXEMPTIONS>0</EXEMPTIONS>
    <EXEMPT_AMOUNT>0.00</EXEMPT_AMOUNT>
    <EXTRA_AMOUNT>0.00</EXTRA_AMOUNT>
    <QTD_TOTAL_WAGES>0.00</QTD_TOTAL_WAGES>
    <QTD_TAXABLE_WAGES>0.00</QTD_TAXABLE_WAGES>
    <QTD_TAX_AMOUNT>0.00</QTD_TAX_AMOUNT>
    <YTD_TOTAL_WAGES>0.00</YTD_TOTAL_WAGES>
    <YTD_TAXABLE_WAGES>0.00</YTD_TAXABLE_WAGES>
    <YTD_TAX_AMOUNT>0.00</YTD_TAX_AMOUNT>
    <START_DATE/>
    <END_DATE/>
    <WEEKS_WORKED>252.00</WEEKS_WORKED>
    <PRIORITY>0.00</PRIORITY>
</EMPDETAIL_FEDTAXES-ROW>
<EMPDETAIL_FEDTAXES-ROW>
    <PERSON_ID>36</PERSON_ID>
    <COMPANY>ALB</COMPANY>
    <TAX_ID>FEDERAL</TAX_ID>
    <TAX_CODE>FEDERAL</TAX_CODE>
    <TAX_STATUS/>
    <MARITAL_STATUS>M</MARITAL_STATUS>
    <EXEMPTION_CODE/>
    <EXEMPTIONS>5</EXEMPTIONS>
    <EXEMPT_AMOUNT>0.00</EXEMPT_AMOUNT>
    <EXTRA_AMOUNT>0.00</EXTRA_AMOUNT>
    <QTD_TOTAL_WAGES>0.00</QTD_TOTAL_WAGES>
    <QTD_TAXABLE_WAGES>0.00</QTD_TAXABLE_WAGES>
    <QTD_TAX_AMOUNT>0.00</QTD_TAX_AMOUNT>
    <YTD_TOTAL_WAGES>0.00</YTD_TOTAL_WAGES>
    <YTD_TAXABLE_WAGES>0.00</YTD_TAXABLE_WAGES>
    <YTD_TAX_AMOUNT>0.00</YTD_TAX_AMOUNT>
    <START_DATE/>
    <END_DATE/>
    <WEEKS_WORKED>220.00</WEEKS_WORKED>
    <PRIORITY>0.00</PRIORITY>
</EMPDETAIL_FEDTAXES-ROW>
<EMPDETAIL_FEDTAXES-ROW>
    <PERSON_ID>37</PERSON_ID>
    <COMPANY>ALB</COMPANY>
    <TAX_ID>FEDERAL</TAX_ID>
    <TAX_CODE>FEDERAL</TAX_CODE>
    <TAX_STATUS>A</TAX_STATUS>
    <MARITAL_STATUS>S</MARITAL_STATUS>
    <EXEMPTION_CODE/>
    <EXEMPTIONS>0</EXEMPTIONS>
    <EXEMPT_AMOUNT>0.00</EXEMPT_AMOUNT>
    <EXTRA_AMOUNT>0.00</EXTRA_AMOUNT>
    <QTD_TOTAL_WAGES>0.00</QTD_TOTAL_WAGES>
    <QTD_TAXABLE_WAGES>0.00</QTD_TAXABLE_WAGES>
    <QTD_TAX_AMOUNT>0.00</QTD_TAX_AMOUNT>
    <YTD_TOTAL_WAGES>0.00</YTD_TOTAL_WAGES>
    <YTD_TAXABLE_WAGES>0.00</YTD_TAXABLE_WAGES>
    <YTD_TAX_AMOUNT>0.00</YTD_TAX_AMOUNT>
    <START_DATE/>
    <END_DATE/>
    <WEEKS_WORKED>44.00</WEEKS_WORKED>
    <PRIORITY>0.00</PRIORITY>
</EMPDETAIL_FEDTAXES-ROW>
<EMPDETAIL_FEDTAXES-ROW>
    <PERSON_ID>37</PERSON_ID>
    <COMPANY>ALB</COMPANY>
    <TAX_ID>OASDI</TAX_ID>
    <TAX_CODE>EMPE</TAX_CODE>
    <TAX_STATUS>A</TAX_STATUS>
    <MARITAL_STATUS/>
    <EXEMPTION_CODE/>
    <EXEMPTIONS/>
    <EXEMPT_AMOUNT/>
    <EXTRA_AMOUNT/>
    <QTD_TOTAL_WAGES>0.00</QTD_TOTAL_WAGES>
    <QTD_TAXABLE_WAGES>0.00</QTD_TAXABLE_WAGES>
    <QTD_TAX_AMOUNT>0.00</QTD_TAX_AMOUNT>
    <YTD_TOTAL_WAGES>0.00</YTD_TOTAL_WAGES>
    <YTD_TAXABLE_WAGES>0.00</YTD_TAXABLE_WAGES>
    <YTD_TAX_AMOUNT>0.00</YTD_TAX_AMOUNT>
    <START_DATE/>
    <END_DATE/>
    <WEEKS_WORKED>44.00</WEEKS_WORKED>
    <PRIORITY/>
</EMPDETAIL_FEDTAXES-ROW>
<EMPDETAIL_FEDTAXES-ROW>
    <PERSON_ID>37</PERSON_ID>
    <COMPANY>ALB</COMPANY>
    <TAX_ID>OASDI</TAX_ID>
    <TAX_CODE>EMPR</TAX_CODE>
    <TAX_STATUS>A</TAX_STATUS>
    <MARITAL_STATUS/>
    <EXEMPTION_CODE/>
    <EXEMPTIONS/>
    <EXEMPT_AMOUNT/>
    <EXTRA_AMOUNT/>
    <QTD_TOTAL_WAGES>0.00</QTD_TOTAL_WAGES>
    <QTD_TAXABLE_WAGES>0.00</QTD_TAXABLE_WAGES>
    <QTD_TAX_AMOUNT>0.00</QTD_TAX_AMOUNT>
    <YTD_TOTAL_WAGES>0.00</YTD_TOTAL_WAGES>
    <YTD_TAXABLE_WAGES>0.00</YTD_TAXABLE_WAGES>
    <YTD_TAX_AMOUNT>0.00</YTD_TAX_AMOUNT>
    <START_DATE/>
    <END_DATE/>
    <WEEKS_WORKED>44.00</WEEKS_WORKED>
    <PRIORITY/>
</EMPDETAIL_FEDTAXES-ROW>
<EMPDETAIL_FEDTAXES-ROW>
    <PERSON_ID>38</PERSON_ID>
    <COMPANY>ALB</COMPANY>
    <TAX_ID>FEDERAL</TAX_ID>
    <TAX_CODE>FEDERAL</TAX_CODE>
    <TAX_STATUS>A</TAX_STATUS>
    <MARITAL_STATUS>S</MARITAL_STATUS>
    <EXEMPTION_CODE/>
    <EXEMPTIONS>2</EXEMPTIONS>
    <EXEMPT_AMOUNT>0.00</EXEMPT_AMOUNT>
    <EXTRA_AMOUNT>0.00</EXTRA_AMOUNT>
    <QTD_TOTAL_WAGES>0.00</QTD_TOTAL_WAGES>
    <QTD_TAXABLE_WAGES>0.00</QTD_TAXABLE_WAGES>
    <QTD_TAX_AMOUNT>0.00</QTD_TAX_AMOUNT>
    <YTD_TOTAL_WAGES>0.00</YTD_TOTAL_WAGES>
    <YTD_TAXABLE_WAGES>0.00</YTD_TAXABLE_WAGES>
    <YTD_TAX_AMOUNT>0.00</YTD_TAX_AMOUNT>
    <START_DATE/>
    <END_DATE/>
    <WEEKS_WORKED>281.00</WEEKS_WORKED>
    <PRIORITY>0.00</PRIORITY>
</EMPDETAIL_FEDTAXES-ROW>
<EMPDETAIL_FEDTAXES-ROW>
    <PERSON_ID>38</PERSON_ID>
    <COMPANY>ALB</COMPANY>
    <TAX_ID>OASDI</TAX_ID>
    <TAX_CODE>EMPE</TAX_CODE>
    <TAX_STATUS>A</TAX_STATUS>
    <MARITAL_STATUS/>
    <EXEMPTION_CODE/>
    <EXEMPTIONS>0</EXEMPTIONS>
    <EXEMPT_AMOUNT>0.00</EXEMPT_AMOUNT>
    <EXTRA_AMOUNT>0.00</EXTRA_AMOUNT>
    <QTD_TOTAL_WAGES>0.00</QTD_TOTAL_WAGES>
    <QTD_TAXABLE_WAGES>0.00</QTD_TAXABLE_WAGES>
    <QTD_TAX_AMOUNT>0.00</QTD_TAX_AMOUNT>
    <YTD_TOTAL_WAGES>0.00</YTD_TOTAL_WAGES>
    <YTD_TAXABLE_WAGES>0.00</YTD_TAXABLE_WAGES>
    <YTD_TAX_AMOUNT>0.00</YTD_TAX_AMOUNT>
    <START_DATE/>
    <END_DATE/>
    <WEEKS_WORKED>281.00</WEEKS_WORKED>
    <PRIORITY>0.00</PRIORITY>
</EMPDETAIL_FEDTAXES-ROW>
<EMPDETAIL_FEDTAXES-ROW>
    <PERSON_ID>38</PERSON_ID>
    <COMPANY>ALB</COMPANY>
    <TAX_ID>OASDI</TAX_ID>
    <TAX_CODE>EMPR</TAX_CODE>
    <TAX_STATUS>A</TAX_STATUS>
    <MARITAL_STATUS/>
    <EXEMPTION_CODE/>
    <EXEMPTIONS>0</EXEMPTIONS>
    <EXEMPT_AMOUNT>0.00</EXEMPT_AMOUNT>
    <EXTRA_AMOUNT>0.00</EXTRA_AMOUNT>
    <QTD_TOTAL_WAGES>0.00</QTD_TOTAL_WAGES>
    <QTD_TAXABLE_WAGES>0.00</QTD_TAXABLE_WAGES>
    <QTD_TAX_AMOUNT>0.00</QTD_TAX_AMOUNT>
    <YTD_TOTAL_WAGES>0.00</YTD_TOTAL_WAGES>
    <YTD_TAXABLE_WAGES>0.00</YTD_TAXABLE_WAGES>
    <YTD_TAX_AMOUNT>0.00</YTD_TAX_AMOUNT>
    <START_DATE/>
    <END_DATE/>
    <WEEKS_WORKED>281.00</WEEKS_WORKED>
    <PRIORITY>0.00</PRIORITY>
</EMPDETAIL_FEDTAXES-ROW>
<EMPDETAIL_FEDTAXES-ROW>
    <PERSON_ID>38</PERSON_ID>
    <COMPANY>ALB</COMPANY>
    <TAX_ID>MEDICARE</TAX_ID>
    <TAX_CODE>EMPE</TAX_CODE>
    <TAX_STATUS>A</TAX_STATUS>
    <MARITAL_STATUS/>
    <EXEMPTION_CODE/>
    <EXEMPTIONS>0</EXEMPTIONS>
    <EXEMPT_AMOUNT>0.00</EXEMPT_AMOUNT>
    <EXTRA_AMOUNT>0.00</EXTRA_AMOUNT>
    <QTD_TOTAL_WAGES>0.00</QTD_TOTAL_WAGES>
    <QTD_TAXABLE_WAGES>0.00</QTD_TAXABLE_WAGES>
    <QTD_TAX_AMOUNT>0.00</QTD_TAX_AMOUNT>
    <YTD_TOTAL_WAGES>0.00</YTD_TOTAL_WAGES>
    <YTD_TAXABLE_WAGES>0.00</YTD_TAXABLE_WAGES>
    <YTD_TAX_AMOUNT>0.00</YTD_TAX_AMOUNT>
    <START_DATE/>
    <END_DATE/>
    <WEEKS_WORKED>281.00</WEEKS_WORKED>
    <PRIORITY>0.00</PRIORITY>
</EMPDETAIL_FEDTAXES-ROW>
<EMPDETAIL_FEDTAXES-ROW>
    <PERSON_ID>38</PERSON_ID>
    <COMPANY>ALB</COMPANY>
    <TAX_ID>MEDICARE</TAX_ID>
    <TAX_CODE>EMPR</TAX_CODE>
    <TAX_STATUS>A</TAX_STATUS>
    <MARITAL_STATUS/>
    <EXEMPTION_CODE/>
    <EXEMPTIONS>0</EXEMPTIONS>
    <EXEMPT_AMOUNT>0.00</EXEMPT_AMOUNT>
    <EXTRA_AMOUNT>0.00</EXTRA_AMOUNT>
    <QTD_TOTAL_WAGES>0.00</QTD_TOTAL_WAGES>
    <QTD_TAXABLE_WAGES>0.00</QTD_TAXABLE_WAGES>
    <QTD_TAX_AMOUNT>0.00</QTD_TAX_AMOUNT>
    <YTD_TOTAL_WAGES>0.00</YTD_TOTAL_WAGES>
    <YTD_TAXABLE_WAGES>0.00</YTD_TAXABLE_WAGES>
    <YTD_TAX_AMOUNT>0.00</YTD_TAX_AMOUNT>
    <START_DATE/>
    <END_DATE/>
    <WEEKS_WORKED>281.00</WEEKS_WORKED>
    <PRIORITY>0.00</PRIORITY>
</EMPDETAIL_FEDTAXES-ROW>
<EMPDETAIL_FEDTAXES-ROW>
    <PERSON_ID>38</PERSON_ID>
    <COMPANY>ALB</COMPANY>
    <TAX_ID>STATE</TAX_ID>
    <TAX_CODE>NJ</TAX_CODE>
    <TAX_STATUS>A</TAX_STATUS>
    <MARITAL_STATUS>S</MARITAL_STATUS>
    <EXEMPTION_CODE/>
    <EXEMPTIONS>2</EXEMPTIONS>
    <EXEMPT_AMOUNT>0.00</EXEMPT_AMOUNT>
    <EXTRA_AMOUNT>0.00</EXTRA_AMOUNT>
    <QTD_TOTAL_WAGES>0.00</QTD_TOTAL_WAGES>
    <QTD_TAXABLE_WAGES>0.00</QTD_TAXABLE_WAGES>
    <QTD_TAX_AMOUNT>0.00</QTD_TAX_AMOUNT>
    <YTD_TOTAL_WAGES>0.00</YTD_TOTAL_WAGES>
    <YTD_TAXABLE_WAGES>0.00</YTD_TAXABLE_WAGES>
    <YTD_TAX_AMOUNT>0.00</YTD_TAX_AMOUNT>
    <START_DATE/>
    <END_DATE/>
    <WEEKS_WORKED>281.00</WEEKS_WORKED>
    <PRIORITY>0.00</PRIORITY>
</EMPDETAIL_FEDTAXES-ROW>
<EMPDETAIL_FEDTAXES-ROW>
    <PERSON_ID>38</PERSON_ID>
    <COMPANY>ALB</COMPANY>
    <TAX_ID>SDI</TAX_ID>
    <TAX_CODE>NJ</TAX_CODE>
    <TAX_STATUS>A</TAX_STATUS>
    <MARITAL_STATUS/>
    <EXEMPTION_CODE/>
    <EXEMPTIONS>0</EXEMPTIONS>
    <EXEMPT_AMOUNT>0.00</EXEMPT_AMOUNT>
    <EXTRA_AMOUNT>0.00</EXTRA_AMOUNT>
    <QTD_TOTAL_WAGES>0.00</QTD_TOTAL_WAGES>
    <QTD_TAXABLE_WAGES>0.00</QTD_TAXABLE_WAGES>
    <QTD_TAX_AMOUNT>0.00</QTD_TAX_AMOUNT>
    <YTD_TOTAL_WAGES>0.00</YTD_TOTAL_WAGES>
    <YTD_TAXABLE_WAGES>0.00</YTD_TAXABLE_WAGES>
    <YTD_TAX_AMOUNT>0.00</YTD_TAX_AMOUNT>
    <START_DATE/>
    <END_DATE/>
    <WEEKS_WORKED>178.00</WEEKS_WORKED>
    <PRIORITY>0.00</PRIORITY>
</EMPDETAIL_FEDTAXES-ROW>
<EMPDETAIL_FEDTAXES-ROW>
    <PERSON_ID>39</PERSON_ID>
    <COMPANY>ALB</COMPANY>
    <TAX_ID>FEDERAL</TAX_ID>
    <TAX_CODE>FEDERAL</TAX_CODE>
    <TAX_STATUS/>
    <MARITAL_STATUS>M</MARITAL_STATUS>
    <EXEMPTION_CODE/>
    <EXEMPTIONS>0</EXEMPTIONS>
    <EXEMPT_AMOUNT>0.00</EXEMPT_AMOUNT>
    <EXTRA_AMOUNT>0.00</EXTRA_AMOUNT>
    <QTD_TOTAL_WAGES>0.00</QTD_TOTAL_WAGES>
    <QTD_TAXABLE_WAGES>0.00</QTD_TAXABLE_WAGES>
    <QTD_TAX_AMOUNT>0.00</QTD_TAX_AMOUNT>
    <YTD_TOTAL_WAGES>0.00</YTD_TOTAL_WAGES>
    <YTD_TAXABLE_WAGES>0.00</YTD_TAXABLE_WAGES>
    <YTD_TAX_AMOUNT>0.00</YTD_TAX_AMOUNT>
    <START_DATE/>
    <END_DATE/>
    <WEEKS_WORKED>252.00</WEEKS_WORKED>
    <PRIORITY>0.00</PRIORITY>
</EMPDETAIL_FEDTAXES-ROW>
    <EMPDETAIL_FEDTAXES-ROW>
    <PERSON_ID>40</PERSON_ID>
    <COMPANY>ALB</COMPANY>
    <TAX_ID>FEDERAL</TAX_ID>
    <TAX_CODE>FEDERAL</TAX_CODE>
    <TAX_STATUS/>
    <MARITAL_STATUS>M</MARITAL_STATUS>
    <EXEMPTION_CODE/>
    <EXEMPTIONS>5</EXEMPTIONS>
    <EXEMPT_AMOUNT>0.00</EXEMPT_AMOUNT>
    <EXTRA_AMOUNT>0.00</EXTRA_AMOUNT>
    <QTD_TOTAL_WAGES>0.00</QTD_TOTAL_WAGES>
    <QTD_TAXABLE_WAGES>0.00</QTD_TAXABLE_WAGES>
    <QTD_TAX_AMOUNT>0.00</QTD_TAX_AMOUNT>
    <YTD_TOTAL_WAGES>0.00</YTD_TOTAL_WAGES>
    <YTD_TAXABLE_WAGES>0.00</YTD_TAXABLE_WAGES>
    <YTD_TAX_AMOUNT>0.00</YTD_TAX_AMOUNT>
    <START_DATE/>
    <END_DATE/>
    <WEEKS_WORKED>220.00</WEEKS_WORKED>
    <PRIORITY>0.00</PRIORITY>
</EMPDETAIL_FEDTAXES-ROW>
<EMPDETAIL_FEDTAXES-ROW>
    <PERSON_ID>41</PERSON_ID>
    <COMPANY>ALB</COMPANY>
    <TAX_ID>FEDERAL</TAX_ID>
    <TAX_CODE>FEDERAL</TAX_CODE>
    <TAX_STATUS>A</TAX_STATUS>
    <MARITAL_STATUS>S</MARITAL_STATUS>
    <EXEMPTION_CODE/>
    <EXEMPTIONS>0</EXEMPTIONS>
    <EXEMPT_AMOUNT>0.00</EXEMPT_AMOUNT>
    <EXTRA_AMOUNT>0.00</EXTRA_AMOUNT>
    <QTD_TOTAL_WAGES>0.00</QTD_TOTAL_WAGES>
    <QTD_TAXABLE_WAGES>0.00</QTD_TAXABLE_WAGES>
    <QTD_TAX_AMOUNT>0.00</QTD_TAX_AMOUNT>
    <YTD_TOTAL_WAGES>0.00</YTD_TOTAL_WAGES>
    <YTD_TAXABLE_WAGES>0.00</YTD_TAXABLE_WAGES>
    <YTD_TAX_AMOUNT>0.00</YTD_TAX_AMOUNT>
    <START_DATE/>
    <END_DATE/>
    <WEEKS_WORKED>44.00</WEEKS_WORKED>
    <PRIORITY>0.00</PRIORITY>
</EMPDETAIL_FEDTAXES-ROW>
<EMPDETAIL_FEDTAXES-ROW>
    <PERSON_ID>41</PERSON_ID>
    <COMPANY>ALB</COMPANY>
    <TAX_ID>OASDI</TAX_ID>
    <TAX_CODE>EMPE</TAX_CODE>
    <TAX_STATUS>A</TAX_STATUS>
    <MARITAL_STATUS/>
    <EXEMPTION_CODE/>
    <EXEMPTIONS/>
    <EXEMPT_AMOUNT/>
    <EXTRA_AMOUNT/>
    <QTD_TOTAL_WAGES>0.00</QTD_TOTAL_WAGES>
    <QTD_TAXABLE_WAGES>0.00</QTD_TAXABLE_WAGES>
    <QTD_TAX_AMOUNT>0.00</QTD_TAX_AMOUNT>
    <YTD_TOTAL_WAGES>0.00</YTD_TOTAL_WAGES>
    <YTD_TAXABLE_WAGES>0.00</YTD_TAXABLE_WAGES>
    <YTD_TAX_AMOUNT>0.00</YTD_TAX_AMOUNT>
    <START_DATE/>
    <END_DATE/>
    <WEEKS_WORKED>44.00</WEEKS_WORKED>
    <PRIORITY/>
</EMPDETAIL_FEDTAXES-ROW>
<EMPDETAIL_FEDTAXES-ROW>
    <PERSON_ID>41</PERSON_ID>
    <COMPANY>ALB</COMPANY>
    <TAX_ID>OASDI</TAX_ID>
    <TAX_CODE>EMPR</TAX_CODE>
    <TAX_STATUS>A</TAX_STATUS>
    <MARITAL_STATUS/>
    <EXEMPTION_CODE/>
    <EXEMPTIONS/>
    <EXEMPT_AMOUNT/>
    <EXTRA_AMOUNT/>
    <QTD_TOTAL_WAGES>0.00</QTD_TOTAL_WAGES>
    <QTD_TAXABLE_WAGES>0.00</QTD_TAXABLE_WAGES>
    <QTD_TAX_AMOUNT>0.00</QTD_TAX_AMOUNT>
    <YTD_TOTAL_WAGES>0.00</YTD_TOTAL_WAGES>
    <YTD_TAXABLE_WAGES>0.00</YTD_TAXABLE_WAGES>
    <YTD_TAX_AMOUNT>0.00</YTD_TAX_AMOUNT>
    <START_DATE/>
    <END_DATE/>
    <WEEKS_WORKED>44.00</WEEKS_WORKED>
    <PRIORITY/>
</EMPDETAIL_FEDTAXES-ROW>
<EMPDETAIL_FEDTAXES-ROW>
    <PERSON_ID>42</PERSON_ID>
    <COMPANY>ALB</COMPANY>
    <TAX_ID>FEDERAL</TAX_ID>
    <TAX_CODE>FEDERAL</TAX_CODE>
    <TAX_STATUS>A</TAX_STATUS>
    <MARITAL_STATUS>S</MARITAL_STATUS>
    <EXEMPTION_CODE/>
    <EXEMPTIONS>2</EXEMPTIONS>
    <EXEMPT_AMOUNT>0.00</EXEMPT_AMOUNT>
    <EXTRA_AMOUNT>0.00</EXTRA_AMOUNT>
    <QTD_TOTAL_WAGES>0.00</QTD_TOTAL_WAGES>
    <QTD_TAXABLE_WAGES>0.00</QTD_TAXABLE_WAGES>
    <QTD_TAX_AMOUNT>0.00</QTD_TAX_AMOUNT>
    <YTD_TOTAL_WAGES>0.00</YTD_TOTAL_WAGES>
    <YTD_TAXABLE_WAGES>0.00</YTD_TAXABLE_WAGES>
    <YTD_TAX_AMOUNT>0.00</YTD_TAX_AMOUNT>
    <START_DATE/>
    <END_DATE/>
    <WEEKS_WORKED>281.00</WEEKS_WORKED>
    <PRIORITY>0.00</PRIORITY>
</EMPDETAIL_FEDTAXES-ROW>
<EMPDETAIL_FEDTAXES-ROW>
    <PERSON_ID>42</PERSON_ID>
    <COMPANY>ALB</COMPANY>
    <TAX_ID>OASDI</TAX_ID>
    <TAX_CODE>EMPE</TAX_CODE>
    <TAX_STATUS>A</TAX_STATUS>
    <MARITAL_STATUS/>
    <EXEMPTION_CODE/>
    <EXEMPTIONS>0</EXEMPTIONS>
    <EXEMPT_AMOUNT>0.00</EXEMPT_AMOUNT>
    <EXTRA_AMOUNT>0.00</EXTRA_AMOUNT>
    <QTD_TOTAL_WAGES>0.00</QTD_TOTAL_WAGES>
    <QTD_TAXABLE_WAGES>0.00</QTD_TAXABLE_WAGES>
    <QTD_TAX_AMOUNT>0.00</QTD_TAX_AMOUNT>
    <YTD_TOTAL_WAGES>0.00</YTD_TOTAL_WAGES>
    <YTD_TAXABLE_WAGES>0.00</YTD_TAXABLE_WAGES>
    <YTD_TAX_AMOUNT>0.00</YTD_TAX_AMOUNT>
    <START_DATE/>
    <END_DATE/>
    <WEEKS_WORKED>281.00</WEEKS_WORKED>
    <PRIORITY>0.00</PRIORITY>
</EMPDETAIL_FEDTAXES-ROW>
<EMPDETAIL_FEDTAXES-ROW>
    <PERSON_ID>42</PERSON_ID>
    <COMPANY>ALB</COMPANY>
    <TAX_ID>OASDI</TAX_ID>
    <TAX_CODE>EMPR</TAX_CODE>
    <TAX_STATUS>A</TAX_STATUS>
    <MARITAL_STATUS/>
    <EXEMPTION_CODE/>
    <EXEMPTIONS>0</EXEMPTIONS>
    <EXEMPT_AMOUNT>0.00</EXEMPT_AMOUNT>
    <EXTRA_AMOUNT>0.00</EXTRA_AMOUNT>
    <QTD_TOTAL_WAGES>0.00</QTD_TOTAL_WAGES>
    <QTD_TAXABLE_WAGES>0.00</QTD_TAXABLE_WAGES>
    <QTD_TAX_AMOUNT>0.00</QTD_TAX_AMOUNT>
    <YTD_TOTAL_WAGES>0.00</YTD_TOTAL_WAGES>
    <YTD_TAXABLE_WAGES>0.00</YTD_TAXABLE_WAGES>
    <YTD_TAX_AMOUNT>0.00</YTD_TAX_AMOUNT>
    <START_DATE/>
    <END_DATE/>
    <WEEKS_WORKED>281.00</WEEKS_WORKED>
    <PRIORITY>0.00</PRIORITY>
</EMPDETAIL_FEDTAXES-ROW>
<EMPDETAIL_FEDTAXES-ROW>
    <PERSON_ID>42</PERSON_ID>
    <COMPANY>ALB</COMPANY>
    <TAX_ID>MEDICARE</TAX_ID>
    <TAX_CODE>EMPE</TAX_CODE>
    <TAX_STATUS>A</TAX_STATUS>
    <MARITAL_STATUS/>
    <EXEMPTION_CODE/>
    <EXEMPTIONS>0</EXEMPTIONS>
    <EXEMPT_AMOUNT>0.00</EXEMPT_AMOUNT>
    <EXTRA_AMOUNT>0.00</EXTRA_AMOUNT>
    <QTD_TOTAL_WAGES>0.00</QTD_TOTAL_WAGES>
    <QTD_TAXABLE_WAGES>0.00</QTD_TAXABLE_WAGES>
    <QTD_TAX_AMOUNT>0.00</QTD_TAX_AMOUNT>
    <YTD_TOTAL_WAGES>0.00</YTD_TOTAL_WAGES>
    <YTD_TAXABLE_WAGES>0.00</YTD_TAXABLE_WAGES>
    <YTD_TAX_AMOUNT>0.00</YTD_TAX_AMOUNT>
    <START_DATE/>
    <END_DATE/>
    <WEEKS_WORKED>281.00</WEEKS_WORKED>
    <PRIORITY>0.00</PRIORITY>
</EMPDETAIL_FEDTAXES-ROW>
<EMPDETAIL_FEDTAXES-ROW>
    <PERSON_ID>42</PERSON_ID>
    <COMPANY>ALB</COMPANY>
    <TAX_ID>MEDICARE</TAX_ID>
    <TAX_CODE>EMPR</TAX_CODE>
    <TAX_STATUS>A</TAX_STATUS>
    <MARITAL_STATUS/>
    <EXEMPTION_CODE/>
    <EXEMPTIONS>0</EXEMPTIONS>
    <EXEMPT_AMOUNT>0.00</EXEMPT_AMOUNT>
    <EXTRA_AMOUNT>0.00</EXTRA_AMOUNT>
    <QTD_TOTAL_WAGES>0.00</QTD_TOTAL_WAGES>
    <QTD_TAXABLE_WAGES>0.00</QTD_TAXABLE_WAGES>
    <QTD_TAX_AMOUNT>0.00</QTD_TAX_AMOUNT>
    <YTD_TOTAL_WAGES>0.00</YTD_TOTAL_WAGES>
    <YTD_TAXABLE_WAGES>0.00</YTD_TAXABLE_WAGES>
    <YTD_TAX_AMOUNT>0.00</YTD_TAX_AMOUNT>
    <START_DATE/>
    <END_DATE/>
    <WEEKS_WORKED>281.00</WEEKS_WORKED>
    <PRIORITY>0.00</PRIORITY>
</EMPDETAIL_FEDTAXES-ROW>
<EMPDETAIL_FEDTAXES-ROW>
    <PERSON_ID>42</PERSON_ID>
    <COMPANY>ALB</COMPANY>
    <TAX_ID>STATE</TAX_ID>
    <TAX_CODE>NJ</TAX_CODE>
    <TAX_STATUS>A</TAX_STATUS>
    <MARITAL_STATUS>S</MARITAL_STATUS>
    <EXEMPTION_CODE/>
    <EXEMPTIONS>2</EXEMPTIONS>
    <EXEMPT_AMOUNT>0.00</EXEMPT_AMOUNT>
    <EXTRA_AMOUNT>0.00</EXTRA_AMOUNT>
    <QTD_TOTAL_WAGES>0.00</QTD_TOTAL_WAGES>
    <QTD_TAXABLE_WAGES>0.00</QTD_TAXABLE_WAGES>
    <QTD_TAX_AMOUNT>0.00</QTD_TAX_AMOUNT>
    <YTD_TOTAL_WAGES>0.00</YTD_TOTAL_WAGES>
    <YTD_TAXABLE_WAGES>0.00</YTD_TAXABLE_WAGES>
    <YTD_TAX_AMOUNT>0.00</YTD_TAX_AMOUNT>
    <START_DATE/>
    <END_DATE/>
    <WEEKS_WORKED>281.00</WEEKS_WORKED>
    <PRIORITY>0.00</PRIORITY>
</EMPDETAIL_FEDTAXES-ROW>
<EMPDETAIL_FEDTAXES-ROW>
    <PERSON_ID>42</PERSON_ID>
    <COMPANY>ALB</COMPANY>
    <TAX_ID>SDI</TAX_ID>
    <TAX_CODE>NJ</TAX_CODE>
    <TAX_STATUS>A</TAX_STATUS>
    <MARITAL_STATUS/>
    <EXEMPTION_CODE/>
    <EXEMPTIONS>0</EXEMPTIONS>
    <EXEMPT_AMOUNT>0.00</EXEMPT_AMOUNT>
    <EXTRA_AMOUNT>0.00</EXTRA_AMOUNT>
    <QTD_TOTAL_WAGES>0.00</QTD_TOTAL_WAGES>
    <QTD_TAXABLE_WAGES>0.00</QTD_TAXABLE_WAGES>
    <QTD_TAX_AMOUNT>0.00</QTD_TAX_AMOUNT>
    <YTD_TOTAL_WAGES>0.00</YTD_TOTAL_WAGES>
    <YTD_TAXABLE_WAGES>0.00</YTD_TAXABLE_WAGES>
    <YTD_TAX_AMOUNT>0.00</YTD_TAX_AMOUNT>
    <START_DATE/>
    <END_DATE/>
    <WEEKS_WORKED>178.00</WEEKS_WORKED>
    <PRIORITY>0.00</PRIORITY>
</EMPDETAIL_FEDTAXES-ROW>
<EMPDETAIL_FEDTAXES-ROW>
    <PERSON_ID>43</PERSON_ID>
    <COMPANY>ALB</COMPANY>
    <TAX_ID>FEDERAL</TAX_ID>
    <TAX_CODE>FEDERAL</TAX_CODE>
    <TAX_STATUS/>
    <MARITAL_STATUS>M</MARITAL_STATUS>
    <EXEMPTION_CODE/>
    <EXEMPTIONS>0</EXEMPTIONS>
    <EXEMPT_AMOUNT>0.00</EXEMPT_AMOUNT>
    <EXTRA_AMOUNT>0.00</EXTRA_AMOUNT>
    <QTD_TOTAL_WAGES>0.00</QTD_TOTAL_WAGES>
    <QTD_TAXABLE_WAGES>0.00</QTD_TAXABLE_WAGES>
    <QTD_TAX_AMOUNT>0.00</QTD_TAX_AMOUNT>
    <YTD_TOTAL_WAGES>0.00</YTD_TOTAL_WAGES>
    <YTD_TAXABLE_WAGES>0.00</YTD_TAXABLE_WAGES>
    <YTD_TAX_AMOUNT>0.00</YTD_TAX_AMOUNT>
    <START_DATE/>
    <END_DATE/>
    <WEEKS_WORKED>252.00</WEEKS_WORKED>
    <PRIORITY>0.00</PRIORITY>
</EMPDETAIL_FEDTAXES-ROW>
<EMPDETAIL_FEDTAXES-ROW>
    <PERSON_ID>44</PERSON_ID>
    <COMPANY>ALB</COMPANY>
    <TAX_ID>FEDERAL</TAX_ID>
    <TAX_CODE>FEDERAL</TAX_CODE>
    <TAX_STATUS/>
    <MARITAL_STATUS>M</MARITAL_STATUS>
    <EXEMPTION_CODE/>
    <EXEMPTIONS>5</EXEMPTIONS>
    <EXEMPT_AMOUNT>0.00</EXEMPT_AMOUNT>
    <EXTRA_AMOUNT>0.00</EXTRA_AMOUNT>
    <QTD_TOTAL_WAGES>0.00</QTD_TOTAL_WAGES>
    <QTD_TAXABLE_WAGES>0.00</QTD_TAXABLE_WAGES>
    <QTD_TAX_AMOUNT>0.00</QTD_TAX_AMOUNT>
    <YTD_TOTAL_WAGES>0.00</YTD_TOTAL_WAGES>
    <YTD_TAXABLE_WAGES>0.00</YTD_TAXABLE_WAGES>
    <YTD_TAX_AMOUNT>0.00</YTD_TAX_AMOUNT>
    <START_DATE/>
    <END_DATE/>
    <WEEKS_WORKED>220.00</WEEKS_WORKED>
    <PRIORITY>0.00</PRIORITY>
</EMPDETAIL_FEDTAXES-ROW>
<EMPDETAIL_FEDTAXES-ROW>
    <PERSON_ID>45</PERSON_ID>
    <COMPANY>ALB</COMPANY>
    <TAX_ID>FEDERAL</TAX_ID>
    <TAX_CODE>FEDERAL</TAX_CODE>
    <TAX_STATUS>A</TAX_STATUS>
    <MARITAL_STATUS>S</MARITAL_STATUS>
    <EXEMPTION_CODE/>
    <EXEMPTIONS>0</EXEMPTIONS>
    <EXEMPT_AMOUNT>0.00</EXEMPT_AMOUNT>
    <EXTRA_AMOUNT>0.00</EXTRA_AMOUNT>
    <QTD_TOTAL_WAGES>0.00</QTD_TOTAL_WAGES>
    <QTD_TAXABLE_WAGES>0.00</QTD_TAXABLE_WAGES>
    <QTD_TAX_AMOUNT>0.00</QTD_TAX_AMOUNT>
    <YTD_TOTAL_WAGES>0.00</YTD_TOTAL_WAGES>
    <YTD_TAXABLE_WAGES>0.00</YTD_TAXABLE_WAGES>
    <YTD_TAX_AMOUNT>0.00</YTD_TAX_AMOUNT>
    <START_DATE/>
    <END_DATE/>
    <WEEKS_WORKED>44.00</WEEKS_WORKED>
    <PRIORITY>0.00</PRIORITY>
</EMPDETAIL_FEDTAXES-ROW>
<EMPDETAIL_FEDTAXES-ROW>
    <PERSON_ID>45</PERSON_ID>
    <COMPANY>ALB</COMPANY>
    <TAX_ID>OASDI</TAX_ID>
    <TAX_CODE>EMPE</TAX_CODE>
    <TAX_STATUS>A</TAX_STATUS>
    <MARITAL_STATUS/>
    <EXEMPTION_CODE/>
    <EXEMPTIONS/>
    <EXEMPT_AMOUNT/>
    <EXTRA_AMOUNT/>
    <QTD_TOTAL_WAGES>0.00</QTD_TOTAL_WAGES>
    <QTD_TAXABLE_WAGES>0.00</QTD_TAXABLE_WAGES>
    <QTD_TAX_AMOUNT>0.00</QTD_TAX_AMOUNT>
    <YTD_TOTAL_WAGES>0.00</YTD_TOTAL_WAGES>
    <YTD_TAXABLE_WAGES>0.00</YTD_TAXABLE_WAGES>
    <YTD_TAX_AMOUNT>0.00</YTD_TAX_AMOUNT>
    <START_DATE/>
    <END_DATE/>
    <WEEKS_WORKED>44.00</WEEKS_WORKED>
    <PRIORITY/>
</EMPDETAIL_FEDTAXES-ROW>
<EMPDETAIL_FEDTAXES-ROW>
    <PERSON_ID>45</PERSON_ID>
    <COMPANY>ALB</COMPANY>
    <TAX_ID>OASDI</TAX_ID>
    <TAX_CODE>EMPR</TAX_CODE>
    <TAX_STATUS>A</TAX_STATUS>
    <MARITAL_STATUS/>
    <EXEMPTION_CODE/>
    <EXEMPTIONS/>
    <EXEMPT_AMOUNT/>
    <EXTRA_AMOUNT/>
    <QTD_TOTAL_WAGES>0.00</QTD_TOTAL_WAGES>
    <QTD_TAXABLE_WAGES>0.00</QTD_TAXABLE_WAGES>
    <QTD_TAX_AMOUNT>0.00</QTD_TAX_AMOUNT>
    <YTD_TOTAL_WAGES>0.00</YTD_TOTAL_WAGES>
    <YTD_TAXABLE_WAGES>0.00</YTD_TAXABLE_WAGES>
    <YTD_TAX_AMOUNT>0.00</YTD_TAX_AMOUNT>
    <START_DATE/>
    <END_DATE/>
    <WEEKS_WORKED>44.00</WEEKS_WORKED>
    <PRIORITY/>
</EMPDETAIL_FEDTAXES-ROW>
<EMPDETAIL_FEDTAXES-ROW>
    <PERSON_ID>46</PERSON_ID>
    <COMPANY>ALB</COMPANY>
    <TAX_ID>FEDERAL</TAX_ID>
    <TAX_CODE>FEDERAL</TAX_CODE>
    <TAX_STATUS>A</TAX_STATUS>
    <MARITAL_STATUS>S</MARITAL_STATUS>
    <EXEMPTION_CODE/>
    <EXEMPTIONS>2</EXEMPTIONS>
    <EXEMPT_AMOUNT>0.00</EXEMPT_AMOUNT>
    <EXTRA_AMOUNT>0.00</EXTRA_AMOUNT>
    <QTD_TOTAL_WAGES>0.00</QTD_TOTAL_WAGES>
    <QTD_TAXABLE_WAGES>0.00</QTD_TAXABLE_WAGES>
    <QTD_TAX_AMOUNT>0.00</QTD_TAX_AMOUNT>
    <YTD_TOTAL_WAGES>0.00</YTD_TOTAL_WAGES>
    <YTD_TAXABLE_WAGES>0.00</YTD_TAXABLE_WAGES>
    <YTD_TAX_AMOUNT>0.00</YTD_TAX_AMOUNT>
    <START_DATE/>
    <END_DATE/>
    <WEEKS_WORKED>281.00</WEEKS_WORKED>
    <PRIORITY>0.00</PRIORITY>
</EMPDETAIL_FEDTAXES-ROW>
<EMPDETAIL_FEDTAXES-ROW>
    <PERSON_ID>46</PERSON_ID>
    <COMPANY>ALB</COMPANY>
    <TAX_ID>OASDI</TAX_ID>
    <TAX_CODE>EMPE</TAX_CODE>
    <TAX_STATUS>A</TAX_STATUS>
    <MARITAL_STATUS/>
    <EXEMPTION_CODE/>
    <EXEMPTIONS>0</EXEMPTIONS>
    <EXEMPT_AMOUNT>0.00</EXEMPT_AMOUNT>
    <EXTRA_AMOUNT>0.00</EXTRA_AMOUNT>
    <QTD_TOTAL_WAGES>0.00</QTD_TOTAL_WAGES>
    <QTD_TAXABLE_WAGES>0.00</QTD_TAXABLE_WAGES>
    <QTD_TAX_AMOUNT>0.00</QTD_TAX_AMOUNT>
    <YTD_TOTAL_WAGES>0.00</YTD_TOTAL_WAGES>
    <YTD_TAXABLE_WAGES>0.00</YTD_TAXABLE_WAGES>
    <YTD_TAX_AMOUNT>0.00</YTD_TAX_AMOUNT>
    <START_DATE/>
    <END_DATE/>
    <WEEKS_WORKED>281.00</WEEKS_WORKED>
    <PRIORITY>0.00</PRIORITY>
</EMPDETAIL_FEDTAXES-ROW>
<EMPDETAIL_FEDTAXES-ROW>
    <PERSON_ID>46</PERSON_ID>
    <COMPANY>ALB</COMPANY>
    <TAX_ID>OASDI</TAX_ID>
    <TAX_CODE>EMPR</TAX_CODE>
    <TAX_STATUS>A</TAX_STATUS>
    <MARITAL_STATUS/>
    <EXEMPTION_CODE/>
    <EXEMPTIONS>0</EXEMPTIONS>
    <EXEMPT_AMOUNT>0.00</EXEMPT_AMOUNT>
    <EXTRA_AMOUNT>0.00</EXTRA_AMOUNT>
    <QTD_TOTAL_WAGES>0.00</QTD_TOTAL_WAGES>
    <QTD_TAXABLE_WAGES>0.00</QTD_TAXABLE_WAGES>
    <QTD_TAX_AMOUNT>0.00</QTD_TAX_AMOUNT>
    <YTD_TOTAL_WAGES>0.00</YTD_TOTAL_WAGES>
    <YTD_TAXABLE_WAGES>0.00</YTD_TAXABLE_WAGES>
    <YTD_TAX_AMOUNT>0.00</YTD_TAX_AMOUNT>
    <START_DATE/>
    <END_DATE/>
    <WEEKS_WORKED>281.00</WEEKS_WORKED>
    <PRIORITY>0.00</PRIORITY>
</EMPDETAIL_FEDTAXES-ROW>
<EMPDETAIL_FEDTAXES-ROW>
    <PERSON_ID>46</PERSON_ID>
    <COMPANY>ALB</COMPANY>
    <TAX_ID>MEDICARE</TAX_ID>
    <TAX_CODE>EMPE</TAX_CODE>
    <TAX_STATUS>A</TAX_STATUS>
    <MARITAL_STATUS/>
    <EXEMPTION_CODE/>
    <EXEMPTIONS>0</EXEMPTIONS>
    <EXEMPT_AMOUNT>0.00</EXEMPT_AMOUNT>
    <EXTRA_AMOUNT>0.00</EXTRA_AMOUNT>
    <QTD_TOTAL_WAGES>0.00</QTD_TOTAL_WAGES>
    <QTD_TAXABLE_WAGES>0.00</QTD_TAXABLE_WAGES>
    <QTD_TAX_AMOUNT>0.00</QTD_TAX_AMOUNT>
    <YTD_TOTAL_WAGES>0.00</YTD_TOTAL_WAGES>
    <YTD_TAXABLE_WAGES>0.00</YTD_TAXABLE_WAGES>
    <YTD_TAX_AMOUNT>0.00</YTD_TAX_AMOUNT>
    <START_DATE/>
    <END_DATE/>
    <WEEKS_WORKED>281.00</WEEKS_WORKED>
    <PRIORITY>0.00</PRIORITY>
</EMPDETAIL_FEDTAXES-ROW>
<EMPDETAIL_FEDTAXES-ROW>
    <PERSON_ID>46</PERSON_ID>
    <COMPANY>ALB</COMPANY>
    <TAX_ID>MEDICARE</TAX_ID>
    <TAX_CODE>EMPR</TAX_CODE>
    <TAX_STATUS>A</TAX_STATUS>
    <MARITAL_STATUS/>
    <EXEMPTION_CODE/>
    <EXEMPTIONS>0</EXEMPTIONS>
    <EXEMPT_AMOUNT>0.00</EXEMPT_AMOUNT>
    <EXTRA_AMOUNT>0.00</EXTRA_AMOUNT>
    <QTD_TOTAL_WAGES>0.00</QTD_TOTAL_WAGES>
    <QTD_TAXABLE_WAGES>0.00</QTD_TAXABLE_WAGES>
    <QTD_TAX_AMOUNT>0.00</QTD_TAX_AMOUNT>
    <YTD_TOTAL_WAGES>0.00</YTD_TOTAL_WAGES>
    <YTD_TAXABLE_WAGES>0.00</YTD_TAXABLE_WAGES>
    <YTD_TAX_AMOUNT>0.00</YTD_TAX_AMOUNT>
    <START_DATE/>
    <END_DATE/>
    <WEEKS_WORKED>281.00</WEEKS_WORKED>
    <PRIORITY>0.00</PRIORITY>
</EMPDETAIL_FEDTAXES-ROW>
<EMPDETAIL_FEDTAXES-ROW>
    <PERSON_ID>46</PERSON_ID>
    <COMPANY>ALB</COMPANY>
    <TAX_ID>STATE</TAX_ID>
    <TAX_CODE>NJ</TAX_CODE>
    <TAX_STATUS>A</TAX_STATUS>
    <MARITAL_STATUS>S</MARITAL_STATUS>
    <EXEMPTION_CODE/>
    <EXEMPTIONS>2</EXEMPTIONS>
    <EXEMPT_AMOUNT>0.00</EXEMPT_AMOUNT>
    <EXTRA_AMOUNT>0.00</EXTRA_AMOUNT>
    <QTD_TOTAL_WAGES>0.00</QTD_TOTAL_WAGES>
    <QTD_TAXABLE_WAGES>0.00</QTD_TAXABLE_WAGES>
    <QTD_TAX_AMOUNT>0.00</QTD_TAX_AMOUNT>
    <YTD_TOTAL_WAGES>0.00</YTD_TOTAL_WAGES>
    <YTD_TAXABLE_WAGES>0.00</YTD_TAXABLE_WAGES>
    <YTD_TAX_AMOUNT>0.00</YTD_TAX_AMOUNT>
    <START_DATE/>
    <END_DATE/>
    <WEEKS_WORKED>281.00</WEEKS_WORKED>
    <PRIORITY>0.00</PRIORITY>
</EMPDETAIL_FEDTAXES-ROW>
<EMPDETAIL_FEDTAXES-ROW>
    <PERSON_ID>46</PERSON_ID>
    <COMPANY>ALB</COMPANY>
    <TAX_ID>SDI</TAX_ID>
    <TAX_CODE>NJ</TAX_CODE>
    <TAX_STATUS>A</TAX_STATUS>
    <MARITAL_STATUS/>
    <EXEMPTION_CODE/>
    <EXEMPTIONS>0</EXEMPTIONS>
    <EXEMPT_AMOUNT>0.00</EXEMPT_AMOUNT>
    <EXTRA_AMOUNT>0.00</EXTRA_AMOUNT>
    <QTD_TOTAL_WAGES>0.00</QTD_TOTAL_WAGES>
    <QTD_TAXABLE_WAGES>0.00</QTD_TAXABLE_WAGES>
    <QTD_TAX_AMOUNT>0.00</QTD_TAX_AMOUNT>
    <YTD_TOTAL_WAGES>0.00</YTD_TOTAL_WAGES>
    <YTD_TAXABLE_WAGES>0.00</YTD_TAXABLE_WAGES>
    <YTD_TAX_AMOUNT>0.00</YTD_TAX_AMOUNT>
    <START_DATE/>
    <END_DATE/>
    <WEEKS_WORKED>178.00</WEEKS_WORKED>
    <PRIORITY>0.00</PRIORITY>
</EMPDETAIL_FEDTAXES-ROW>
<EMPDETAIL_FEDTAXES-ROW>
    <PERSON_ID>47</PERSON_ID>
    <COMPANY>ALB</COMPANY>
    <TAX_ID>FEDERAL</TAX_ID>
    <TAX_CODE>FEDERAL</TAX_CODE>
    <TAX_STATUS/>
    <MARITAL_STATUS>M</MARITAL_STATUS>
    <EXEMPTION_CODE/>
    <EXEMPTIONS>0</EXEMPTIONS>
    <EXEMPT_AMOUNT>0.00</EXEMPT_AMOUNT>
    <EXTRA_AMOUNT>0.00</EXTRA_AMOUNT>
    <QTD_TOTAL_WAGES>0.00</QTD_TOTAL_WAGES>
    <QTD_TAXABLE_WAGES>0.00</QTD_TAXABLE_WAGES>
    <QTD_TAX_AMOUNT>0.00</QTD_TAX_AMOUNT>
    <YTD_TOTAL_WAGES>0.00</YTD_TOTAL_WAGES>
    <YTD_TAXABLE_WAGES>0.00</YTD_TAXABLE_WAGES>
    <YTD_TAX_AMOUNT>0.00</YTD_TAX_AMOUNT>
    <START_DATE/>
    <END_DATE/>
    <WEEKS_WORKED>252.00</WEEKS_WORKED>
    <PRIORITY>0.00</PRIORITY>
</EMPDETAIL_FEDTAXES-ROW>
<EMPDETAIL_FEDTAXES-ROW>
    <PERSON_ID>48</PERSON_ID>
    <COMPANY>ALB</COMPANY>
    <TAX_ID>FEDERAL</TAX_ID>
    <TAX_CODE>FEDERAL</TAX_CODE>
    <TAX_STATUS/>
    <MARITAL_STATUS>M</MARITAL_STATUS>
    <EXEMPTION_CODE/>
    <EXEMPTIONS>5</EXEMPTIONS>
    <EXEMPT_AMOUNT>0.00</EXEMPT_AMOUNT>
    <EXTRA_AMOUNT>0.00</EXTRA_AMOUNT>
    <QTD_TOTAL_WAGES>0.00</QTD_TOTAL_WAGES>
    <QTD_TAXABLE_WAGES>0.00</QTD_TAXABLE_WAGES>
    <QTD_TAX_AMOUNT>0.00</QTD_TAX_AMOUNT>
    <YTD_TOTAL_WAGES>0.00</YTD_TOTAL_WAGES>
    <YTD_TAXABLE_WAGES>0.00</YTD_TAXABLE_WAGES>
    <YTD_TAX_AMOUNT>0.00</YTD_TAX_AMOUNT>
    <START_DATE/>
    <END_DATE/>
    <WEEKS_WORKED>220.00</WEEKS_WORKED>
    <PRIORITY>0.00</PRIORITY>
</EMPDETAIL_FEDTAXES-ROW>
<EMPDETAIL_FEDTAXES-ROW>
    <PERSON_ID>49</PERSON_ID>
    <COMPANY>ALB</COMPANY>
    <TAX_ID>FEDERAL</TAX_ID>
    <TAX_CODE>FEDERAL</TAX_CODE>
    <TAX_STATUS>A</TAX_STATUS>
    <MARITAL_STATUS>S</MARITAL_STATUS>
    <EXEMPTION_CODE/>
    <EXEMPTIONS>0</EXEMPTIONS>
    <EXEMPT_AMOUNT>0.00</EXEMPT_AMOUNT>
    <EXTRA_AMOUNT>0.00</EXTRA_AMOUNT>
    <QTD_TOTAL_WAGES>0.00</QTD_TOTAL_WAGES>
    <QTD_TAXABLE_WAGES>0.00</QTD_TAXABLE_WAGES>
    <QTD_TAX_AMOUNT>0.00</QTD_TAX_AMOUNT>
    <YTD_TOTAL_WAGES>0.00</YTD_TOTAL_WAGES>
    <YTD_TAXABLE_WAGES>0.00</YTD_TAXABLE_WAGES>
    <YTD_TAX_AMOUNT>0.00</YTD_TAX_AMOUNT>
    <START_DATE/>
    <END_DATE/>
    <WEEKS_WORKED>44.00</WEEKS_WORKED>
    <PRIORITY>0.00</PRIORITY>
</EMPDETAIL_FEDTAXES-ROW>
<EMPDETAIL_FEDTAXES-ROW>
    <PERSON_ID>49</PERSON_ID>
    <COMPANY>ALB</COMPANY>
    <TAX_ID>OASDI</TAX_ID>
    <TAX_CODE>EMPE</TAX_CODE>
    <TAX_STATUS>A</TAX_STATUS>
    <MARITAL_STATUS/>
    <EXEMPTION_CODE/>
    <EXEMPTIONS/>
    <EXEMPT_AMOUNT/>
    <EXTRA_AMOUNT/>
    <QTD_TOTAL_WAGES>0.00</QTD_TOTAL_WAGES>
    <QTD_TAXABLE_WAGES>0.00</QTD_TAXABLE_WAGES>
    <QTD_TAX_AMOUNT>0.00</QTD_TAX_AMOUNT>
    <YTD_TOTAL_WAGES>0.00</YTD_TOTAL_WAGES>
    <YTD_TAXABLE_WAGES>0.00</YTD_TAXABLE_WAGES>
    <YTD_TAX_AMOUNT>0.00</YTD_TAX_AMOUNT>
    <START_DATE/>
    <END_DATE/>
    <WEEKS_WORKED>44.00</WEEKS_WORKED>
    <PRIORITY/>
</EMPDETAIL_FEDTAXES-ROW>
<EMPDETAIL_FEDTAXES-ROW>
    <PERSON_ID>49</PERSON_ID>
    <COMPANY>ALB</COMPANY>
    <TAX_ID>OASDI</TAX_ID>
    <TAX_CODE>EMPR</TAX_CODE>
    <TAX_STATUS>A</TAX_STATUS>
    <MARITAL_STATUS/>
    <EXEMPTION_CODE/>
    <EXEMPTIONS/>
    <EXEMPT_AMOUNT/>
    <EXTRA_AMOUNT/>
    <QTD_TOTAL_WAGES>0.00</QTD_TOTAL_WAGES>
    <QTD_TAXABLE_WAGES>0.00</QTD_TAXABLE_WAGES>
    <QTD_TAX_AMOUNT>0.00</QTD_TAX_AMOUNT>
    <YTD_TOTAL_WAGES>0.00</YTD_TOTAL_WAGES>
    <YTD_TAXABLE_WAGES>0.00</YTD_TAXABLE_WAGES>
    <YTD_TAX_AMOUNT>0.00</YTD_TAX_AMOUNT>
    <START_DATE/>
    <END_DATE/>
    <WEEKS_WORKED>44.00</WEEKS_WORKED>
    <PRIORITY/>
</EMPDETAIL_FEDTAXES-ROW>
<EMPDETAIL_FEDTAXES-ROW>
    <PERSON_ID>50</PERSON_ID>
    <COMPANY>ALB</COMPANY>
    <TAX_ID>FEDERAL</TAX_ID>
    <TAX_CODE>FEDERAL</TAX_CODE>
    <TAX_STATUS>A</TAX_STATUS>
    <MARITAL_STATUS>S</MARITAL_STATUS>
    <EXEMPTION_CODE/>
    <EXEMPTIONS>2</EXEMPTIONS>
    <EXEMPT_AMOUNT>0.00</EXEMPT_AMOUNT>
    <EXTRA_AMOUNT>0.00</EXTRA_AMOUNT>
    <QTD_TOTAL_WAGES>0.00</QTD_TOTAL_WAGES>
    <QTD_TAXABLE_WAGES>0.00</QTD_TAXABLE_WAGES>
    <QTD_TAX_AMOUNT>0.00</QTD_TAX_AMOUNT>
    <YTD_TOTAL_WAGES>0.00</YTD_TOTAL_WAGES>
    <YTD_TAXABLE_WAGES>0.00</YTD_TAXABLE_WAGES>
    <YTD_TAX_AMOUNT>0.00</YTD_TAX_AMOUNT>
    <START_DATE/>
    <END_DATE/>
    <WEEKS_WORKED>281.00</WEEKS_WORKED>
    <PRIORITY>0.00</PRIORITY>
</EMPDETAIL_FEDTAXES-ROW>
<EMPDETAIL_FEDTAXES-ROW>
    <PERSON_ID>50</PERSON_ID>
    <COMPANY>ALB</COMPANY>
    <TAX_ID>OASDI</TAX_ID>
    <TAX_CODE>EMPE</TAX_CODE>
    <TAX_STATUS>A</TAX_STATUS>
    <MARITAL_STATUS/>
    <EXEMPTION_CODE/>
    <EXEMPTIONS>0</EXEMPTIONS>
    <EXEMPT_AMOUNT>0.00</EXEMPT_AMOUNT>
    <EXTRA_AMOUNT>0.00</EXTRA_AMOUNT>
    <QTD_TOTAL_WAGES>0.00</QTD_TOTAL_WAGES>
    <QTD_TAXABLE_WAGES>0.00</QTD_TAXABLE_WAGES>
    <QTD_TAX_AMOUNT>0.00</QTD_TAX_AMOUNT>
    <YTD_TOTAL_WAGES>0.00</YTD_TOTAL_WAGES>
    <YTD_TAXABLE_WAGES>0.00</YTD_TAXABLE_WAGES>
    <YTD_TAX_AMOUNT>0.00</YTD_TAX_AMOUNT>
    <START_DATE/>
    <END_DATE/>
    <WEEKS_WORKED>281.00</WEEKS_WORKED>
    <PRIORITY>0.00</PRIORITY>
</EMPDETAIL_FEDTAXES-ROW>
<EMPDETAIL_FEDTAXES-ROW>
    <PERSON_ID>50</PERSON_ID>
    <COMPANY>ALB</COMPANY>
    <TAX_ID>OASDI</TAX_ID>
    <TAX_CODE>EMPR</TAX_CODE>
    <TAX_STATUS>A</TAX_STATUS>
    <MARITAL_STATUS/>
    <EXEMPTION_CODE/>
    <EXEMPTIONS>0</EXEMPTIONS>
    <EXEMPT_AMOUNT>0.00</EXEMPT_AMOUNT>
    <EXTRA_AMOUNT>0.00</EXTRA_AMOUNT>
    <QTD_TOTAL_WAGES>0.00</QTD_TOTAL_WAGES>
    <QTD_TAXABLE_WAGES>0.00</QTD_TAXABLE_WAGES>
    <QTD_TAX_AMOUNT>0.00</QTD_TAX_AMOUNT>
    <YTD_TOTAL_WAGES>0.00</YTD_TOTAL_WAGES>
    <YTD_TAXABLE_WAGES>0.00</YTD_TAXABLE_WAGES>
    <YTD_TAX_AMOUNT>0.00</YTD_TAX_AMOUNT>
    <START_DATE/>
    <END_DATE/>
    <WEEKS_WORKED>281.00</WEEKS_WORKED>
    <PRIORITY>0.00</PRIORITY>
</EMPDETAIL_FEDTAXES-ROW>
<EMPDETAIL_FEDTAXES-ROW>
    <PERSON_ID>50</PERSON_ID>
    <COMPANY>ALB</COMPANY>
    <TAX_ID>MEDICARE</TAX_ID>
    <TAX_CODE>EMPE</TAX_CODE>
    <TAX_STATUS>A</TAX_STATUS>
    <MARITAL_STATUS/>
    <EXEMPTION_CODE/>
    <EXEMPTIONS>0</EXEMPTIONS>
    <EXEMPT_AMOUNT>0.00</EXEMPT_AMOUNT>
    <EXTRA_AMOUNT>0.00</EXTRA_AMOUNT>
    <QTD_TOTAL_WAGES>0.00</QTD_TOTAL_WAGES>
    <QTD_TAXABLE_WAGES>0.00</QTD_TAXABLE_WAGES>
    <QTD_TAX_AMOUNT>0.00</QTD_TAX_AMOUNT>
    <YTD_TOTAL_WAGES>0.00</YTD_TOTAL_WAGES>
    <YTD_TAXABLE_WAGES>0.00</YTD_TAXABLE_WAGES>
    <YTD_TAX_AMOUNT>0.00</YTD_TAX_AMOUNT>
    <START_DATE/>
    <END_DATE/>
    <WEEKS_WORKED>281.00</WEEKS_WORKED>
    <PRIORITY>0.00</PRIORITY>
</EMPDETAIL_FEDTAXES-ROW>
<EMPDETAIL_FEDTAXES-ROW>
    <PERSON_ID>50</PERSON_ID>
    <COMPANY>ALB</COMPANY>
    <TAX_ID>MEDICARE</TAX_ID>
    <TAX_CODE>EMPR</TAX_CODE>
    <TAX_STATUS>A</TAX_STATUS>
    <MARITAL_STATUS/>
    <EXEMPTION_CODE/>
    <EXEMPTIONS>0</EXEMPTIONS>
    <EXEMPT_AMOUNT>0.00</EXEMPT_AMOUNT>
    <EXTRA_AMOUNT>0.00</EXTRA_AMOUNT>
    <QTD_TOTAL_WAGES>0.00</QTD_TOTAL_WAGES>
    <QTD_TAXABLE_WAGES>0.00</QTD_TAXABLE_WAGES>
    <QTD_TAX_AMOUNT>0.00</QTD_TAX_AMOUNT>
    <YTD_TOTAL_WAGES>0.00</YTD_TOTAL_WAGES>
    <YTD_TAXABLE_WAGES>0.00</YTD_TAXABLE_WAGES>
    <YTD_TAX_AMOUNT>0.00</YTD_TAX_AMOUNT>
    <START_DATE/>
    <END_DATE/>
    <WEEKS_WORKED>281.00</WEEKS_WORKED>
    <PRIORITY>0.00</PRIORITY>
</EMPDETAIL_FEDTAXES-ROW>
<EMPDETAIL_FEDTAXES-ROW>
    <PERSON_ID>50</PERSON_ID>
    <COMPANY>ALB</COMPANY>
    <TAX_ID>STATE</TAX_ID>
    <TAX_CODE>NJ</TAX_CODE>
    <TAX_STATUS>A</TAX_STATUS>
    <MARITAL_STATUS>S</MARITAL_STATUS>
    <EXEMPTION_CODE/>
    <EXEMPTIONS>2</EXEMPTIONS>
    <EXEMPT_AMOUNT>0.00</EXEMPT_AMOUNT>
    <EXTRA_AMOUNT>0.00</EXTRA_AMOUNT>
    <QTD_TOTAL_WAGES>0.00</QTD_TOTAL_WAGES>
    <QTD_TAXABLE_WAGES>0.00</QTD_TAXABLE_WAGES>
    <QTD_TAX_AMOUNT>0.00</QTD_TAX_AMOUNT>
    <YTD_TOTAL_WAGES>0.00</YTD_TOTAL_WAGES>
    <YTD_TAXABLE_WAGES>0.00</YTD_TAXABLE_WAGES>
    <YTD_TAX_AMOUNT>0.00</YTD_TAX_AMOUNT>
    <START_DATE/>
    <END_DATE/>
    <WEEKS_WORKED>281.00</WEEKS_WORKED>
    <PRIORITY>0.00</PRIORITY>
</EMPDETAIL_FEDTAXES-ROW>
<EMPDETAIL_FEDTAXES-ROW>
    <PERSON_ID>50</PERSON_ID>
    <COMPANY>ALB</COMPANY>
    <TAX_ID>SDI</TAX_ID>
    <TAX_CODE>NJ</TAX_CODE>
    <TAX_STATUS>A</TAX_STATUS>
    <MARITAL_STATUS/>
    <EXEMPTION_CODE/>
    <EXEMPTIONS>0</EXEMPTIONS>
    <EXEMPT_AMOUNT>0.00</EXEMPT_AMOUNT>
    <EXTRA_AMOUNT>0.00</EXTRA_AMOUNT>
    <QTD_TOTAL_WAGES>0.00</QTD_TOTAL_WAGES>
    <QTD_TAXABLE_WAGES>0.00</QTD_TAXABLE_WAGES>
    <QTD_TAX_AMOUNT>0.00</QTD_TAX_AMOUNT>
    <YTD_TOTAL_WAGES>0.00</YTD_TOTAL_WAGES>
    <YTD_TAXABLE_WAGES>0.00</YTD_TAXABLE_WAGES>
    <YTD_TAX_AMOUNT>0.00</YTD_TAX_AMOUNT>
    <START_DATE/>
    <END_DATE/>
    <WEEKS_WORKED>178.00</WEEKS_WORKED>
    <PRIORITY>0.00</PRIORITY>
</EMPDETAIL_FEDTAXES-ROW>
<EMPDETAIL_FEDTAXES-ROW>
    <PERSON_ID>51</PERSON_ID>
    <COMPANY>ALB</COMPANY>
    <TAX_ID>FEDERAL</TAX_ID>
    <TAX_CODE>FEDERAL</TAX_CODE>
    <TAX_STATUS/>
    <MARITAL_STATUS>M</MARITAL_STATUS>
    <EXEMPTION_CODE/>
    <EXEMPTIONS>0</EXEMPTIONS>
    <EXEMPT_AMOUNT>0.00</EXEMPT_AMOUNT>
    <EXTRA_AMOUNT>0.00</EXTRA_AMOUNT>
    <QTD_TOTAL_WAGES>0.00</QTD_TOTAL_WAGES>
    <QTD_TAXABLE_WAGES>0.00</QTD_TAXABLE_WAGES>
    <QTD_TAX_AMOUNT>0.00</QTD_TAX_AMOUNT>
    <YTD_TOTAL_WAGES>0.00</YTD_TOTAL_WAGES>
    <YTD_TAXABLE_WAGES>0.00</YTD_TAXABLE_WAGES>
    <YTD_TAX_AMOUNT>0.00</YTD_TAX_AMOUNT>
    <START_DATE/>
    <END_DATE/>
    <WEEKS_WORKED>252.00</WEEKS_WORKED>
    <PRIORITY>0.00</PRIORITY>
</EMPDETAIL_FEDTAXES-ROW>
<EMPDETAIL_FEDTAXES-ROW>
    <PERSON_ID>52</PERSON_ID>
    <COMPANY>ALB</COMPANY>
    <TAX_ID>FEDERAL</TAX_ID>
    <TAX_CODE>FEDERAL</TAX_CODE>
    <TAX_STATUS/>
    <MARITAL_STATUS>M</MARITAL_STATUS>
    <EXEMPTION_CODE/>
    <EXEMPTIONS>5</EXEMPTIONS>
    <EXEMPT_AMOUNT>0.00</EXEMPT_AMOUNT>
    <EXTRA_AMOUNT>0.00</EXTRA_AMOUNT>
    <QTD_TOTAL_WAGES>0.00</QTD_TOTAL_WAGES>
    <QTD_TAXABLE_WAGES>0.00</QTD_TAXABLE_WAGES>
    <QTD_TAX_AMOUNT>0.00</QTD_TAX_AMOUNT>
    <YTD_TOTAL_WAGES>0.00</YTD_TOTAL_WAGES>
    <YTD_TAXABLE_WAGES>0.00</YTD_TAXABLE_WAGES>
    <YTD_TAX_AMOUNT>0.00</YTD_TAX_AMOUNT>
    <START_DATE/>
    <END_DATE/>
    <WEEKS_WORKED>220.00</WEEKS_WORKED>
    <PRIORITY>0.00</PRIORITY>
</EMPDETAIL_FEDTAXES-ROW>
<EMPDETAIL_FEDTAXES-ROW>
    <PERSON_ID>53</PERSON_ID>
    <COMPANY>ALB</COMPANY>
    <TAX_ID>FEDERAL</TAX_ID>
    <TAX_CODE>FEDERAL</TAX_CODE>
    <TAX_STATUS>A</TAX_STATUS>
    <MARITAL_STATUS>S</MARITAL_STATUS>
    <EXEMPTION_CODE/>
    <EXEMPTIONS>0</EXEMPTIONS>
    <EXEMPT_AMOUNT>0.00</EXEMPT_AMOUNT>
    <EXTRA_AMOUNT>0.00</EXTRA_AMOUNT>
    <QTD_TOTAL_WAGES>0.00</QTD_TOTAL_WAGES>
    <QTD_TAXABLE_WAGES>0.00</QTD_TAXABLE_WAGES>
    <QTD_TAX_AMOUNT>0.00</QTD_TAX_AMOUNT>
    <YTD_TOTAL_WAGES>0.00</YTD_TOTAL_WAGES>
    <YTD_TAXABLE_WAGES>0.00</YTD_TAXABLE_WAGES>
    <YTD_TAX_AMOUNT>0.00</YTD_TAX_AMOUNT>
    <START_DATE/>
    <END_DATE/>
    <WEEKS_WORKED>44.00</WEEKS_WORKED>
    <PRIORITY>0.00</PRIORITY>
</EMPDETAIL_FEDTAXES-ROW>
<EMPDETAIL_FEDTAXES-ROW>
    <PERSON_ID>53</PERSON_ID>
    <COMPANY>ALB</COMPANY>
    <TAX_ID>OASDI</TAX_ID>
    <TAX_CODE>EMPE</TAX_CODE>
    <TAX_STATUS>A</TAX_STATUS>
    <MARITAL_STATUS/>
    <EXEMPTION_CODE/>
    <EXEMPTIONS/>
    <EXEMPT_AMOUNT/>
    <EXTRA_AMOUNT/>
    <QTD_TOTAL_WAGES>0.00</QTD_TOTAL_WAGES>
    <QTD_TAXABLE_WAGES>0.00</QTD_TAXABLE_WAGES>
    <QTD_TAX_AMOUNT>0.00</QTD_TAX_AMOUNT>
    <YTD_TOTAL_WAGES>0.00</YTD_TOTAL_WAGES>
    <YTD_TAXABLE_WAGES>0.00</YTD_TAXABLE_WAGES>
    <YTD_TAX_AMOUNT>0.00</YTD_TAX_AMOUNT>
    <START_DATE/>
    <END_DATE/>
    <WEEKS_WORKED>44.00</WEEKS_WORKED>
    <PRIORITY/>
</EMPDETAIL_FEDTAXES-ROW>
<EMPDETAIL_FEDTAXES-ROW>
    <PERSON_ID>53</PERSON_ID>
    <COMPANY>ALB</COMPANY>
    <TAX_ID>OASDI</TAX_ID>
    <TAX_CODE>EMPR</TAX_CODE>
    <TAX_STATUS>A</TAX_STATUS>
    <MARITAL_STATUS/>
    <EXEMPTION_CODE/>
    <EXEMPTIONS/>
    <EXEMPT_AMOUNT/>
    <EXTRA_AMOUNT/>
    <QTD_TOTAL_WAGES>0.00</QTD_TOTAL_WAGES>
    <QTD_TAXABLE_WAGES>0.00</QTD_TAXABLE_WAGES>
    <QTD_TAX_AMOUNT>0.00</QTD_TAX_AMOUNT>
    <YTD_TOTAL_WAGES>0.00</YTD_TOTAL_WAGES>
    <YTD_TAXABLE_WAGES>0.00</YTD_TAXABLE_WAGES>
    <YTD_TAX_AMOUNT>0.00</YTD_TAX_AMOUNT>
    <START_DATE/>
    <END_DATE/>
    <WEEKS_WORKED>44.00</WEEKS_WORKED>
    <PRIORITY/>
</EMPDETAIL_FEDTAXES-ROW>
<EMPDETAIL_FEDTAXES-ROW>
    <PERSON_ID>54</PERSON_ID>
    <COMPANY>ALB</COMPANY>
    <TAX_ID>FEDERAL</TAX_ID>
    <TAX_CODE>FEDERAL</TAX_CODE>
    <TAX_STATUS>A</TAX_STATUS>
    <MARITAL_STATUS>S</MARITAL_STATUS>
    <EXEMPTION_CODE/>
    <EXEMPTIONS>2</EXEMPTIONS>
    <EXEMPT_AMOUNT>0.00</EXEMPT_AMOUNT>
    <EXTRA_AMOUNT>0.00</EXTRA_AMOUNT>
    <QTD_TOTAL_WAGES>0.00</QTD_TOTAL_WAGES>
    <QTD_TAXABLE_WAGES>0.00</QTD_TAXABLE_WAGES>
    <QTD_TAX_AMOUNT>0.00</QTD_TAX_AMOUNT>
    <YTD_TOTAL_WAGES>0.00</YTD_TOTAL_WAGES>
    <YTD_TAXABLE_WAGES>0.00</YTD_TAXABLE_WAGES>
    <YTD_TAX_AMOUNT>0.00</YTD_TAX_AMOUNT>
    <START_DATE/>
    <END_DATE/>
    <WEEKS_WORKED>281.00</WEEKS_WORKED>
    <PRIORITY>0.00</PRIORITY>
</EMPDETAIL_FEDTAXES-ROW>
<EMPDETAIL_FEDTAXES-ROW>
    <PERSON_ID>54</PERSON_ID>
    <COMPANY>ALB</COMPANY>
    <TAX_ID>OASDI</TAX_ID>
    <TAX_CODE>EMPE</TAX_CODE>
    <TAX_STATUS>A</TAX_STATUS>
    <MARITAL_STATUS/>
    <EXEMPTION_CODE/>
    <EXEMPTIONS>0</EXEMPTIONS>
    <EXEMPT_AMOUNT>0.00</EXEMPT_AMOUNT>
    <EXTRA_AMOUNT>0.00</EXTRA_AMOUNT>
    <QTD_TOTAL_WAGES>0.00</QTD_TOTAL_WAGES>
    <QTD_TAXABLE_WAGES>0.00</QTD_TAXABLE_WAGES>
    <QTD_TAX_AMOUNT>0.00</QTD_TAX_AMOUNT>
    <YTD_TOTAL_WAGES>0.00</YTD_TOTAL_WAGES>
    <YTD_TAXABLE_WAGES>0.00</YTD_TAXABLE_WAGES>
    <YTD_TAX_AMOUNT>0.00</YTD_TAX_AMOUNT>
    <START_DATE/>
    <END_DATE/>
    <WEEKS_WORKED>281.00</WEEKS_WORKED>
    <PRIORITY>0.00</PRIORITY>
</EMPDETAIL_FEDTAXES-ROW>
<EMPDETAIL_FEDTAXES-ROW>
    <PERSON_ID>54</PERSON_ID>
    <COMPANY>ALB</COMPANY>
    <TAX_ID>OASDI</TAX_ID>
    <TAX_CODE>EMPR</TAX_CODE>
    <TAX_STATUS>A</TAX_STATUS>
    <MARITAL_STATUS/>
    <EXEMPTION_CODE/>
    <EXEMPTIONS>0</EXEMPTIONS>
    <EXEMPT_AMOUNT>0.00</EXEMPT_AMOUNT>
    <EXTRA_AMOUNT>0.00</EXTRA_AMOUNT>
    <QTD_TOTAL_WAGES>0.00</QTD_TOTAL_WAGES>
    <QTD_TAXABLE_WAGES>0.00</QTD_TAXABLE_WAGES>
    <QTD_TAX_AMOUNT>0.00</QTD_TAX_AMOUNT>
    <YTD_TOTAL_WAGES>0.00</YTD_TOTAL_WAGES>
    <YTD_TAXABLE_WAGES>0.00</YTD_TAXABLE_WAGES>
    <YTD_TAX_AMOUNT>0.00</YTD_TAX_AMOUNT>
    <START_DATE/>
    <END_DATE/>
    <WEEKS_WORKED>281.00</WEEKS_WORKED>
    <PRIORITY>0.00</PRIORITY>
</EMPDETAIL_FEDTAXES-ROW>
<EMPDETAIL_FEDTAXES-ROW>
    <PERSON_ID>54</PERSON_ID>
    <COMPANY>ALB</COMPANY>
    <TAX_ID>MEDICARE</TAX_ID>
    <TAX_CODE>EMPE</TAX_CODE>
    <TAX_STATUS>A</TAX_STATUS>
    <MARITAL_STATUS/>
    <EXEMPTION_CODE/>
    <EXEMPTIONS>0</EXEMPTIONS>
    <EXEMPT_AMOUNT>0.00</EXEMPT_AMOUNT>
    <EXTRA_AMOUNT>0.00</EXTRA_AMOUNT>
    <QTD_TOTAL_WAGES>0.00</QTD_TOTAL_WAGES>
    <QTD_TAXABLE_WAGES>0.00</QTD_TAXABLE_WAGES>
    <QTD_TAX_AMOUNT>0.00</QTD_TAX_AMOUNT>
    <YTD_TOTAL_WAGES>0.00</YTD_TOTAL_WAGES>
    <YTD_TAXABLE_WAGES>0.00</YTD_TAXABLE_WAGES>
    <YTD_TAX_AMOUNT>0.00</YTD_TAX_AMOUNT>
    <START_DATE/>
    <END_DATE/>
    <WEEKS_WORKED>281.00</WEEKS_WORKED>
    <PRIORITY>0.00</PRIORITY>
</EMPDETAIL_FEDTAXES-ROW>
<EMPDETAIL_FEDTAXES-ROW>
    <PERSON_ID>54</PERSON_ID>
    <COMPANY>ALB</COMPANY>
    <TAX_ID>MEDICARE</TAX_ID>
    <TAX_CODE>EMPR</TAX_CODE>
    <TAX_STATUS>A</TAX_STATUS>
    <MARITAL_STATUS/>
    <EXEMPTION_CODE/>
    <EXEMPTIONS>0</EXEMPTIONS>
    <EXEMPT_AMOUNT>0.00</EXEMPT_AMOUNT>
    <EXTRA_AMOUNT>0.00</EXTRA_AMOUNT>
    <QTD_TOTAL_WAGES>0.00</QTD_TOTAL_WAGES>
    <QTD_TAXABLE_WAGES>0.00</QTD_TAXABLE_WAGES>
    <QTD_TAX_AMOUNT>0.00</QTD_TAX_AMOUNT>
    <YTD_TOTAL_WAGES>0.00</YTD_TOTAL_WAGES>
    <YTD_TAXABLE_WAGES>0.00</YTD_TAXABLE_WAGES>
    <YTD_TAX_AMOUNT>0.00</YTD_TAX_AMOUNT>
    <START_DATE/>
    <END_DATE/>
    <WEEKS_WORKED>281.00</WEEKS_WORKED>
    <PRIORITY>0.00</PRIORITY>
</EMPDETAIL_FEDTAXES-ROW>
<EMPDETAIL_FEDTAXES-ROW>
    <PERSON_ID>54</PERSON_ID>
    <COMPANY>ALB</COMPANY>
    <TAX_ID>STATE</TAX_ID>
    <TAX_CODE>NJ</TAX_CODE>
    <TAX_STATUS>A</TAX_STATUS>
    <MARITAL_STATUS>S</MARITAL_STATUS>
    <EXEMPTION_CODE/>
    <EXEMPTIONS>2</EXEMPTIONS>
    <EXEMPT_AMOUNT>0.00</EXEMPT_AMOUNT>
    <EXTRA_AMOUNT>0.00</EXTRA_AMOUNT>
    <QTD_TOTAL_WAGES>0.00</QTD_TOTAL_WAGES>
    <QTD_TAXABLE_WAGES>0.00</QTD_TAXABLE_WAGES>
    <QTD_TAX_AMOUNT>0.00</QTD_TAX_AMOUNT>
    <YTD_TOTAL_WAGES>0.00</YTD_TOTAL_WAGES>
    <YTD_TAXABLE_WAGES>0.00</YTD_TAXABLE_WAGES>
    <YTD_TAX_AMOUNT>0.00</YTD_TAX_AMOUNT>
    <START_DATE/>
    <END_DATE/>
    <WEEKS_WORKED>281.00</WEEKS_WORKED>
    <PRIORITY>0.00</PRIORITY>
</EMPDETAIL_FEDTAXES-ROW>
<EMPDETAIL_FEDTAXES-ROW>
    <PERSON_ID>55</PERSON_ID>
    <COMPANY>ALB</COMPANY>
    <TAX_ID>SDI</TAX_ID>
    <TAX_CODE>NJ</TAX_CODE>
    <TAX_STATUS>A</TAX_STATUS>
    <MARITAL_STATUS/>
    <EXEMPTION_CODE/>
    <EXEMPTIONS>0</EXEMPTIONS>
    <EXEMPT_AMOUNT>0.00</EXEMPT_AMOUNT>
    <EXTRA_AMOUNT>0.00</EXTRA_AMOUNT>
    <QTD_TOTAL_WAGES>0.00</QTD_TOTAL_WAGES>
    <QTD_TAXABLE_WAGES>0.00</QTD_TAXABLE_WAGES>
    <QTD_TAX_AMOUNT>0.00</QTD_TAX_AMOUNT>
    <YTD_TOTAL_WAGES>0.00</YTD_TOTAL_WAGES>
    <YTD_TAXABLE_WAGES>0.00</YTD_TAXABLE_WAGES>
    <YTD_TAX_AMOUNT>0.00</YTD_TAX_AMOUNT>
    <START_DATE/>
    <END_DATE/>
    <WEEKS_WORKED>178.00</WEEKS_WORKED>
    <PRIORITY>0.00</PRIORITY>
</EMPDETAIL_FEDTAXES-ROW>
    <EMPDETAIL_FEDTAXES-ROW>
    <PERSON_ID>55</PERSON_ID>
    <COMPANY>ALB</COMPANY>
    <TAX_ID>FEDERAL</TAX_ID>
    <TAX_CODE>FEDERAL</TAX_CODE>
    <TAX_STATUS/>
    <MARITAL_STATUS>M</MARITAL_STATUS>
    <EXEMPTION_CODE/>
    <EXEMPTIONS>5</EXEMPTIONS>
    <EXEMPT_AMOUNT>0.00</EXEMPT_AMOUNT>
    <EXTRA_AMOUNT>0.00</EXTRA_AMOUNT>
    <QTD_TOTAL_WAGES>0.00</QTD_TOTAL_WAGES>
    <QTD_TAXABLE_WAGES>0.00</QTD_TAXABLE_WAGES>
    <QTD_TAX_AMOUNT>0.00</QTD_TAX_AMOUNT>
    <YTD_TOTAL_WAGES>0.00</YTD_TOTAL_WAGES>
    <YTD_TAXABLE_WAGES>0.00</YTD_TAXABLE_WAGES>
    <YTD_TAX_AMOUNT>0.00</YTD_TAX_AMOUNT>
    <START_DATE/>
    <END_DATE/>
    <WEEKS_WORKED>220.00</WEEKS_WORKED>
    <PRIORITY>0.00</PRIORITY>
</EMPDETAIL_FEDTAXES-ROW>
</EMPDETAIL_FEDTAXES>