<?xml version="1.0" encoding="ISO-8859-1"?>
<EMPDETAILHDR>
<EMPDETAILHDR-ROW>
    <PERSON_ID>32</PERSON_ID>
    <EMPNO>000004545</EMPNO>
    <MARITAL_STATUS>M</MARITAL_STATUS>
    <LINE1>2800 SOUTH EASTERN</LINE1>
    <LINE2/>
    <LINE3/>
    <LINE4/>
    <CITY>LAS VEGAS</CITY>
    <STATE>NV</STATE>
    <ZIP>89109</ZIP>
    <BIRTH_DATE>1970-12-11T00:00:00.000000000</BIRTH_DATE>
    <GENDER>M</GENDER>
    <ETHNIC_BACKGROUND>0</ETHNIC_BACKGROUND>
    <HIRE_DATE>1970-04-21T00:00:00.000000000</HIRE_DATE>
    <REHIRE_DATE>2007-12-15T00:00:00.000000000</REHIRE_DATE>
    <TERMINATION_DATE>2009-11-07T00:00:00.000000000</TERMINATION_DATE>
    <ASSOCIATE_TYPE>P</ASSOCIATE_TYPE>
    <ASSOCIATE_TYPE_DATE>2007-12-15T00:00:00.000000000</ASSOCIATE_TYPE_DATE>
    <TAX_ENTITY>ALB</TAX_ENTITY>
    <CURRENT_STATUS>B</CURRENT_STATUS>
    <UNITED_WAY_CODE/>
    <POS_TYPE/>
    <POS_GROUP>R0000010</POS_GROUP>
    <EMP_TYPE>1</EMP_TYPE>
    <TITLE>RECEIVING CLERK</TITLE>
    <PAY_GRADE>03853005</PAY_GRADE>
    <LASTCHECKDATE>2009-11-07T00:00:00.000000000</LASTCHECKDATE>
    <AVG_WEEKLY_HOURS/>
    <PAYROLL_CLASS>H</PAYROLL_CLASS>
    <LOCATION>00000804</LOCATION>
    <RATE>Y</RATE>
    <POSITION_TENURE>2007-12-15T00:00:00.000000000</POSITION_TENURE>
    <AVG_MONTHLY_WAGE/>
    <CONTRACT_SUB>03853005</CONTRACT_SUB>
    <POSITION>02131511</POSITION>
    <LOCATION_TENURE>2007-12-15T00:00:00.000000000</LOCATION_TENURE>
    <UNION_LOCAL/>
    <NORMAL_HOURS>40.00</NORMAL_HOURS>
</EMPDETAILHDR-ROW>
<EMPDETAILHDR-ROW>
    <PERSON_ID>33</PERSON_ID> 
    <EMPNO>0004546</EMPNO> 
    <MARITAL_STATUS>M</MARITAL_STATUS> 
    <LINE1>45 ASPEN CT.</LINE1> 
    <LINE2 /> 
    <LINE3 /> 
    <LINE4 /> 
    <CITY>NASHVILLE</CITY> 
    <STATE>TN</STATE> 
    <ZIP>20543</ZIP> 
    <BIRTH_DATE>1975-02-20T00:00:00.000000000</BIRTH_DATE> 
    <GENDER>M</GENDER> 
    <ETHNIC_BACKGROUND>0</ETHNIC_BACKGROUND> 
    <HIRE_DATE>1970-04-21T00:00:00.000000000</HIRE_DATE> 
    <REHIRE_DATE>2007-12-15T00:00:00.000000000</REHIRE_DATE> 
    <TERMINATION_DATE>2009-11-07T00:00:00.000000000</TERMINATION_DATE> 
    <ASSOCIATE_TYPE>P</ASSOCIATE_TYPE> 
    <ASSOCIATE_TYPE_DATE>2007-12-15T00:00:00.000000000</ASSOCIATE_TYPE_DATE> 
    <TAX_ENTITY>ALB</TAX_ENTITY> 
    <CURRENT_STATUS>B</CURRENT_STATUS> 
    <UNITED_WAY_CODE /> 
    <POS_TYPE /> 
    <POS_GROUP>R0000010</POS_GROUP> 
    <EMP_TYPE>1</EMP_TYPE> 
    <TITLE>RECEIVING CLERK</TITLE> 
    <PAY_GRADE>03853005</PAY_GRADE> 
    <LASTCHECKDATE>2009-11-07T00:00:00.000000000</LASTCHECKDATE> 
    <AVG_WEEKLY_HOURS /> 
    <PAYROLL_CLASS>H</PAYROLL_CLASS> 
    <LOCATION>00000804</LOCATION> 
    <RATE>Y</RATE> 
    <POSITION_TENURE>2007-12-15T00:00:00.000000000</POSITION_TENURE> 
    <AVG_MONTHLY_WAGE /> 
    <CONTRACT_SUB>03853005</CONTRACT_SUB> 
    <POSITION>02131511</POSITION> 
    <LOCATION_TENURE>2007-12-15T00:00:00.000000000</LOCATION_TENURE> 
    <UNION_LOCAL /> 
    <NORMAL_HOURS>40.00</NORMAL_HOURS> 
</EMPDETAILHDR-ROW>
<EMPDETAILHDR-ROW>
    <PERSON_ID>34</PERSON_ID>
    <EMPNO>00004547</EMPNO>
    <MARITAL_STATUS>S</MARITAL_STATUS>
    <LINE1>1724 19TH AVE.</LINE1>
    <LINE2/>
    <LINE3/>
    <LINE4/>
    <CITY>NEW BRAUNFELS</CITY>
    <STATE>TX</STATE>
    <ZIP>781320000</ZIP>
    <BIRTH_DATE>1982-05-27T00:00:00.000000000</BIRTH_DATE>
    <GENDER>F</GENDER>
    <ETHNIC_BACKGROUND>0</ETHNIC_BACKGROUND>
    <HIRE_DATE>2009-03-18T00:00:00.000000000</HIRE_DATE>
    <REHIRE_DATE/>
    <TERMINATION_DATE>2009-09-05T00:00:00.000000000</TERMINATION_DATE>
    <ASSOCIATE_TYPE>P</ASSOCIATE_TYPE>
    <ASSOCIATE_TYPE_DATE>2009-03-18T00:00:00.000000000</ASSOCIATE_TYPE_DATE>
    <TAX_ENTITY>ALB</TAX_ENTITY>
    <CURRENT_STATUS>B</CURRENT_STATUS>
    <UNITED_WAY_CODE/>
    <POS_TYPE/>
    <POS_GROUP>R0000010</POS_GROUP>
    <EMP_TYPE>1</EMP_TYPE>
    <TITLE>COOK</TITLE>
    <PAY_GRADE>04999741</PAY_GRADE>
    <LASTCHECKDATE>2009-09-03T00:00:00.000000000</LASTCHECKDATE>
    <AVG_WEEKLY_HOURS/>
    <PAYROLL_CLASS>H</PAYROLL_CLASS>
    <LOCATION>00000807</LOCATION>
    <RATE>Y</RATE>
    <POSITION_TENURE>2009-03-18T00:00:00.000000000</POSITION_TENURE>
    <AVG_MONTHLY_WAGE/>
    <CONTRACT_SUB>04999741</CONTRACT_SUB>
    <POSITION>01352027</POSITION>
    <LOCATION_TENURE>2009-03-18T00:00:00.000000000</LOCATION_TENURE>
    <UNION_LOCAL/>
    <NORMAL_HOURS>40.00</NORMAL_HOURS>
</EMPDETAILHDR-ROW>
<EMPDETAILHDR-ROW>
    <PERSON_ID>35</PERSON_ID>
    <EMPNO>000004548</EMPNO>
    <MARITAL_STATUS>M</MARITAL_STATUS>
    <LINE1>1801 NAVAJO ROAD</LINE1>
    <LINE2/>
    <LINE3/>
    <LINE4/>
    <CITY>YUMA</CITY>
    <STATE>AZ</STATE>
    <ZIP>89180</ZIP>
    <BIRTH_DATE>1964-01-12T00:00:00.000000000</BIRTH_DATE>
    <GENDER>F</GENDER>
    <ETHNIC_BACKGROUND>4</ETHNIC_BACKGROUND>
    <HIRE_DATE>1989-09-26T00:00:00.000000000</HIRE_DATE>
    <REHIRE_DATE/>
    <TERMINATION_DATE>2009-11-07T00:00:00.000000000</TERMINATION_DATE>
    <ASSOCIATE_TYPE>P</ASSOCIATE_TYPE>
    <ASSOCIATE_TYPE_DATE/>
    <TAX_ENTITY>ALB</TAX_ENTITY>
    <CURRENT_STATUS>B</CURRENT_STATUS>
    <UNITED_WAY_CODE/>
    <POS_TYPE/>
    <POS_GROUP>R0000010</POS_GROUP>
    <EMP_TYPE>1</EMP_TYPE>
    <TITLE>CASHIER</TITLE>
    <PAY_GRADE>03930005</PAY_GRADE>
    <LASTCHECKDATE>2009-11-07T00:00:00.000000000</LASTCHECKDATE>
    <AVG_WEEKLY_HOURS/>
    <PAYROLL_CLASS>H</PAYROLL_CLASS>
    <LOCATION>00000808</LOCATION>
    <RATE>Y</RATE>
    <POSITION_TENURE/>
    <AVG_MONTHLY_WAGE/>
    <CONTRACT_SUB>03930005</CONTRACT_SUB>
    <POSITION>01756884</POSITION>
    <LOCATION_TENURE/>
    <UNION_LOCAL>00001564</UNION_LOCAL>
    <NORMAL_HOURS>40.00</NORMAL_HOURS>
</EMPDETAILHDR-ROW>
<EMPDETAILHDR-ROW>
    <PERSON_ID>36</PERSON_ID>
    <EMPNO>000004549</EMPNO>
    <MARITAL_STATUS>M</MARITAL_STATUS>
    <LINE1>2800 SOUTH EASTERN</LINE1>
    <LINE2/>
    <LINE3/>
    <LINE4/>
    <CITY>LAS VEGAS</CITY>
    <STATE>NV</STATE>
    <ZIP>89109</ZIP>
    <BIRTH_DATE>1977-05-12T00:00:00.000000000</BIRTH_DATE>
    <GENDER>F</GENDER>
    <ETHNIC_BACKGROUND>0</ETHNIC_BACKGROUND>
    <HIRE_DATE>1970-04-21T00:00:00.000000000</HIRE_DATE>
    <REHIRE_DATE>2007-12-15T00:00:00.000000000</REHIRE_DATE>
    <TERMINATION_DATE>2009-11-07T00:00:00.000000000</TERMINATION_DATE>
    <ASSOCIATE_TYPE>P</ASSOCIATE_TYPE>
    <ASSOCIATE_TYPE_DATE>2007-12-15T00:00:00.000000000</ASSOCIATE_TYPE_DATE>
    <TAX_ENTITY>ALB</TAX_ENTITY>
    <CURRENT_STATUS>B</CURRENT_STATUS>
    <UNITED_WAY_CODE/>
    <POS_TYPE/>
    <POS_GROUP>R0000010</POS_GROUP>
    <EMP_TYPE>1</EMP_TYPE>
    <TITLE>RECEIVING CLERK</TITLE>
    <PAY_GRADE>03853005</PAY_GRADE>
    <LASTCHECKDATE>2009-11-07T00:00:00.000000000</LASTCHECKDATE>
    <AVG_WEEKLY_HOURS/>
    <PAYROLL_CLASS>H</PAYROLL_CLASS>
    <LOCATION>00000808</LOCATION>
    <RATE>Y</RATE>
    <POSITION_TENURE>2007-12-15T00:00:00.000000000</POSITION_TENURE>
    <AVG_MONTHLY_WAGE/>
    <CONTRACT_SUB>03853005</CONTRACT_SUB>
    <POSITION>02131511</POSITION>
    <LOCATION_TENURE>2007-12-15T00:00:00.000000000</LOCATION_TENURE>
    <UNION_LOCAL/>
    <NORMAL_HOURS>40.00</NORMAL_HOURS>
</EMPDETAILHDR-ROW>
<EMPDETAILHDR-ROW>
    <PERSON_ID>37</PERSON_ID> 
    <EMPNO>0004550</EMPNO> 
    <MARITAL_STATUS>M</MARITAL_STATUS> 
    <LINE1>45 ASPEN CT.</LINE1> 
    <LINE2 /> 
    <LINE3 /> 
    <LINE4 /> 
    <CITY>NASHVILLE</CITY> 
    <STATE>TN</STATE> 
    <ZIP>20543</ZIP> 
    <BIRTH_DATE>1965-06-17T00:00:00.000000000</BIRTH_DATE> 
    <GENDER>M</GENDER> 
    <ETHNIC_BACKGROUND>0</ETHNIC_BACKGROUND> 
    <HIRE_DATE>1970-04-21T00:00:00.000000000</HIRE_DATE> 
    <REHIRE_DATE>2007-12-15T00:00:00.000000000</REHIRE_DATE> 
    <TERMINATION_DATE>2009-11-07T00:00:00.000000000</TERMINATION_DATE> 
    <ASSOCIATE_TYPE>P</ASSOCIATE_TYPE> 
    <ASSOCIATE_TYPE_DATE>2007-12-15T00:00:00.000000000</ASSOCIATE_TYPE_DATE> 
    <TAX_ENTITY>ALB</TAX_ENTITY> 
    <CURRENT_STATUS>B</CURRENT_STATUS> 
    <UNITED_WAY_CODE /> 
    <POS_TYPE /> 
    <POS_GROUP>R0000444</POS_GROUP> 
    <EMP_TYPE>1</EMP_TYPE> 
    <TITLE>RECEIVING CLERK</TITLE> 
    <PAY_GRADE>03853005</PAY_GRADE> 
    <LASTCHECKDATE>2009-11-07T00:00:00.000000000</LASTCHECKDATE> 
    <AVG_WEEKLY_HOURS /> 
    <PAYROLL_CLASS>H</PAYROLL_CLASS> 
    <LOCATION>00000810</LOCATION> 
    <RATE>Y</RATE> 
    <POSITION_TENURE>2007-12-15T00:00:00.000000000</POSITION_TENURE> 
    <AVG_MONTHLY_WAGE /> 
    <CONTRACT_SUB>03853005</CONTRACT_SUB> 
    <POSITION>02131511</POSITION> 
    <LOCATION_TENURE>2007-12-15T00:00:00.000000000</LOCATION_TENURE> 
    <UNION_LOCAL /> 
    <NORMAL_HOURS>40.00</NORMAL_HOURS> 
</EMPDETAILHDR-ROW>
<EMPDETAILHDR-ROW>
    <PERSON_ID>38</PERSON_ID>
    <EMPNO>00004551</EMPNO>
    <MARITAL_STATUS>S</MARITAL_STATUS>
    <LINE1>1724 19TH AVE.</LINE1>
    <LINE2/>
    <LINE3/>
    <LINE4/>
    <CITY>NEW BRAUNFELS</CITY>
    <STATE>TX</STATE>
    <ZIP>781320000</ZIP>
    <BIRTH_DATE>1972-07-07T00:00:00.000000000</BIRTH_DATE>
    <GENDER>F</GENDER>
    <ETHNIC_BACKGROUND>0</ETHNIC_BACKGROUND>
    <HIRE_DATE>2009-03-18T00:00:00.000000000</HIRE_DATE>
    <REHIRE_DATE/>
    <TERMINATION_DATE>2009-09-05T00:00:00.000000000</TERMINATION_DATE>
    <ASSOCIATE_TYPE>P</ASSOCIATE_TYPE>
    <ASSOCIATE_TYPE_DATE>2009-03-18T00:00:00.000000000</ASSOCIATE_TYPE_DATE>
    <TAX_ENTITY>ALB</TAX_ENTITY>
    <CURRENT_STATUS>B</CURRENT_STATUS>
    <UNITED_WAY_CODE/>
    <POS_TYPE/>
    <POS_GROUP>R0000444</POS_GROUP>
    <EMP_TYPE>1</EMP_TYPE>
    <TITLE>COOK</TITLE>
    <PAY_GRADE>04999741</PAY_GRADE>
    <LASTCHECKDATE>2009-09-03T00:00:00.000000000</LASTCHECKDATE>
    <AVG_WEEKLY_HOURS/>
    <PAYROLL_CLASS>H</PAYROLL_CLASS>
    <LOCATION>00000810</LOCATION>
    <RATE>Y</RATE>
    <POSITION_TENURE>2009-03-18T00:00:00.000000000</POSITION_TENURE>
    <AVG_MONTHLY_WAGE/>
    <CONTRACT_SUB>04999741</CONTRACT_SUB>
    <POSITION>01352027</POSITION>
    <LOCATION_TENURE>2009-03-18T00:00:00.000000000</LOCATION_TENURE>
    <UNION_LOCAL/>
    <NORMAL_HOURS>40.00</NORMAL_HOURS>
</EMPDETAILHDR-ROW>
<EMPDETAILHDR-ROW>
    <PERSON_ID>39</PERSON_ID>
    <EMPNO>000004552</EMPNO>
    <MARITAL_STATUS>M</MARITAL_STATUS>
    <LINE1>1801 NAVAJO ROAD</LINE1>
    <LINE2/>
    <LINE3/>
    <LINE4/>
    <CITY>YUMA</CITY>
    <STATE>AZ</STATE>
    <ZIP>89180</ZIP>
    <BIRTH_DATE>1973-12-01T00:00:00.0000000000</BIRTH_DATE>
    <GENDER>F</GENDER>
    <ETHNIC_BACKGROUND>4</ETHNIC_BACKGROUND>
    <HIRE_DATE>1989-09-26T00:00:00.000000000</HIRE_DATE>
    <REHIRE_DATE/>
    <TERMINATION_DATE>2009-11-07T00:00:00.000000000</TERMINATION_DATE>
    <ASSOCIATE_TYPE>P</ASSOCIATE_TYPE>
    <ASSOCIATE_TYPE_DATE/>
    <TAX_ENTITY>ALB</TAX_ENTITY>
    <CURRENT_STATUS>B</CURRENT_STATUS>
    <UNITED_WAY_CODE/>
    <POS_TYPE/>
    <POS_GROUP>R0000454</POS_GROUP>
    <EMP_TYPE>1</EMP_TYPE>
    <TITLE>CASHIER</TITLE>
    <PAY_GRADE>03930005</PAY_GRADE>
    <LASTCHECKDATE>2009-11-07T00:00:00.000000000</LASTCHECKDATE>
    <AVG_WEEKLY_HOURS/>
    <PAYROLL_CLASS>H</PAYROLL_CLASS>
    <LOCATION>00000813</LOCATION>
    <RATE>Y</RATE>
    <POSITION_TENURE/>
    <AVG_MONTHLY_WAGE/>
    <CONTRACT_SUB>03930005</CONTRACT_SUB>
    <POSITION>01756884</POSITION>
    <LOCATION_TENURE/>
    <UNION_LOCAL>00001564</UNION_LOCAL>
    <NORMAL_HOURS>40.00</NORMAL_HOURS>
</EMPDETAILHDR-ROW>
<EMPDETAILHDR-ROW>
    <PERSON_ID>40</PERSON_ID>
    <EMPNO>000004553</EMPNO>
    <MARITAL_STATUS>M</MARITAL_STATUS>
    <LINE1>2800 SOUTH EASTERN</LINE1>
    <LINE2/>
    <LINE3/>
    <LINE4/>
    <CITY>LAS VEGAS</CITY>
    <STATE>NV</STATE>
    <ZIP>89109</ZIP>
    <BIRTH_DATE>1980-03-07T00:00:00.000000000</BIRTH_DATE>
    <GENDER>M</GENDER>
    <ETHNIC_BACKGROUND>0</ETHNIC_BACKGROUND>
    <HIRE_DATE>1970-04-21T00:00:00.000000000</HIRE_DATE>
    <REHIRE_DATE>2007-12-15T00:00:00.000000000</REHIRE_DATE>
    <TERMINATION_DATE>2009-11-07T00:00:00.000000000</TERMINATION_DATE>
    <ASSOCIATE_TYPE>P</ASSOCIATE_TYPE>
    <ASSOCIATE_TYPE_DATE>2007-12-15T00:00:00.000000000</ASSOCIATE_TYPE_DATE>
    <TAX_ENTITY>ALB</TAX_ENTITY>
    <CURRENT_STATUS>B</CURRENT_STATUS>
    <UNITED_WAY_CODE/>
    <POS_TYPE/>
    <POS_GROUP>R0005050</POS_GROUP>
    <EMP_TYPE>1</EMP_TYPE>
    <TITLE>ASSISTANT MANAGER</TITLE>
    <PAY_GRADE>03853005</PAY_GRADE>
    <LASTCHECKDATE>2009-11-07T00:00:00.000000000</LASTCHECKDATE>
    <AVG_WEEKLY_HOURS/>
    <PAYROLL_CLASS>H</PAYROLL_CLASS>
    <LOCATION>00000900</LOCATION>
    <RATE>Y</RATE>
    <POSITION_TENURE>2007-12-15T00:00:00.000000000</POSITION_TENURE>
    <AVG_MONTHLY_WAGE/>
    <CONTRACT_SUB>03853005</CONTRACT_SUB>
    <POSITION>02131511</POSITION>
    <LOCATION_TENURE>2007-12-15T00:00:00.000000000</LOCATION_TENURE>
    <UNION_LOCAL/>
    <NORMAL_HOURS>40.00</NORMAL_HOURS>
</EMPDETAILHDR-ROW>
<EMPDETAILHDR-ROW>
    <PERSON_ID>41</PERSON_ID> 
    <EMPNO>0004554</EMPNO> 
    <MARITAL_STATUS>M</MARITAL_STATUS> 
    <LINE1>45 ASPEN CT.</LINE1> 
    <LINE2 /> 
    <LINE3 /> 
    <LINE4 /> 
    <CITY>NASHVILLE</CITY> 
    <STATE>TN</STATE> 
    <ZIP>20543</ZIP> 
    <BIRTH_DATE>1974-02-27T00:00:00.000000000</BIRTH_DATE> 
    <GENDER>f</GENDER> 
    <ETHNIC_BACKGROUND>0</ETHNIC_BACKGROUND> 
    <HIRE_DATE>1970-04-21T00:00:00.000000000</HIRE_DATE> 
    <REHIRE_DATE>2007-12-15T00:00:00.000000000</REHIRE_DATE> 
    <TERMINATION_DATE>2009-11-07T00:00:00.000000000</TERMINATION_DATE> 
    <ASSOCIATE_TYPE>P</ASSOCIATE_TYPE> 
    <ASSOCIATE_TYPE_DATE>2007-12-15T00:00:00.000000000</ASSOCIATE_TYPE_DATE> 
    <TAX_ENTITY>ALB</TAX_ENTITY> 
    <CURRENT_STATUS>B</CURRENT_STATUS> 
    <UNITED_WAY_CODE /> 
    <POS_TYPE /> 
    <POS_GROUP>R0005050</POS_GROUP> 
    <EMP_TYPE>1</EMP_TYPE> 
    <TITLE>MANAGER</TITLE> 
    <PAY_GRADE>03853005</PAY_GRADE> 
    <LASTCHECKDATE>2009-11-07T00:00:00.000000000</LASTCHECKDATE> 
    <AVG_WEEKLY_HOURS /> 
    <PAYROLL_CLASS>H</PAYROLL_CLASS> 
    <LOCATION>00000900</LOCATION> 
    <RATE>Y</RATE> 
    <POSITION_TENURE>2007-12-15T00:00:00.000000000</POSITION_TENURE> 
    <AVG_MONTHLY_WAGE /> 
    <CONTRACT_SUB>03853005</CONTRACT_SUB> 
    <POSITION>02131511</POSITION> 
    <LOCATION_TENURE>2007-12-15T00:00:00.000000000</LOCATION_TENURE> 
    <UNION_LOCAL /> 
    <NORMAL_HOURS>40.00</NORMAL_HOURS> 
</EMPDETAILHDR-ROW>
<EMPDETAILHDR-ROW>
    <PERSON_ID>42</PERSON_ID>
    <EMPNO>00004555</EMPNO>
    <MARITAL_STATUS>S</MARITAL_STATUS>
    <LINE1>1724 19TH AVE.</LINE1>
    <LINE2/>
    <LINE3/>
    <LINE4/>
    <CITY>NEW BRAUNFELS</CITY>
    <STATE>TX</STATE>
    <ZIP>781320000</ZIP>
    <BIRTH_DATE>1981-04-02T00:00:00.000000000</BIRTH_DATE>
    <GENDER>F</GENDER>
    <ETHNIC_BACKGROUND>0</ETHNIC_BACKGROUND>
    <HIRE_DATE>2009-03-18T00:00:00.000000000</HIRE_DATE>
    <REHIRE_DATE/>
    <TERMINATION_DATE>2009-09-05T00:00:00.000000000</TERMINATION_DATE>
    <ASSOCIATE_TYPE>P</ASSOCIATE_TYPE>
    <ASSOCIATE_TYPE_DATE>2009-03-18T00:00:00.000000000</ASSOCIATE_TYPE_DATE>
    <TAX_ENTITY>ALB</TAX_ENTITY>
    <CURRENT_STATUS>B</CURRENT_STATUS>
    <UNITED_WAY_CODE/>
    <POS_TYPE/>
    <POS_GROUP>R0045579</POS_GROUP>
    <EMP_TYPE>1</EMP_TYPE>
    <TITLE>ASSISTANT MANAGER</TITLE>
    <PAY_GRADE>04999741</PAY_GRADE>
    <LASTCHECKDATE>2009-09-03T00:00:00.000000000</LASTCHECKDATE>
    <AVG_WEEKLY_HOURS/>
    <PAYROLL_CLASS>H</PAYROLL_CLASS>
    <LOCATION>00000333</LOCATION>
    <RATE>Y</RATE>
    <POSITION_TENURE>2009-03-18T00:00:00.000000000</POSITION_TENURE>
    <AVG_MONTHLY_WAGE/>
    <CONTRACT_SUB>04999741</CONTRACT_SUB>
    <POSITION>01352027</POSITION>
    <LOCATION_TENURE>2009-03-18T00:00:00.000000000</LOCATION_TENURE>
    <UNION_LOCAL/>
    <NORMAL_HOURS>40.00</NORMAL_HOURS>
</EMPDETAILHDR-ROW>
<EMPDETAILHDR-ROW>
    <PERSON_ID>43</PERSON_ID>
    <EMPNO>000004556</EMPNO>
    <MARITAL_STATUS>M</MARITAL_STATUS>
    <LINE1>1801 NAVAJO ROAD</LINE1>
    <LINE2/>
    <LINE3/>
    <LINE4/>
    <CITY>YUMA</CITY>
    <STATE>AZ</STATE>
    <ZIP>89180</ZIP>
    <BIRTH_DATE>1968-10-09T00:00:00.000000000</BIRTH_DATE>
    <GENDER>F</GENDER>
    <ETHNIC_BACKGROUND>4</ETHNIC_BACKGROUND>
    <HIRE_DATE>1989-09-26T00:00:00.000000000</HIRE_DATE>
    <REHIRE_DATE/>
    <TERMINATION_DATE>2009-11-07T00:00:00.000000000</TERMINATION_DATE>
    <ASSOCIATE_TYPE>P</ASSOCIATE_TYPE>
    <ASSOCIATE_TYPE_DATE/>
    <TAX_ENTITY>ALB</TAX_ENTITY>
    <CURRENT_STATUS>B</CURRENT_STATUS>
    <UNITED_WAY_CODE/>
    <POS_TYPE/>
    <POS_GROUP>R0045579</POS_GROUP>
    <EMP_TYPE>1</EMP_TYPE>
    <TITLE>MANAGER</TITLE>
    <PAY_GRADE>03930005</PAY_GRADE>
    <LASTCHECKDATE>2009-11-07T00:00:00.000000000</LASTCHECKDATE>
    <AVG_WEEKLY_HOURS/>
    <PAYROLL_CLASS>H</PAYROLL_CLASS>
    <LOCATION>00000333</LOCATION>
    <RATE>Y</RATE>
    <POSITION_TENURE/>
    <AVG_MONTHLY_WAGE/>
    <CONTRACT_SUB>03930005</CONTRACT_SUB>
    <POSITION>01756884</POSITION>
    <LOCATION_TENURE/>
    <UNION_LOCAL>00001564</UNION_LOCAL>
    <NORMAL_HOURS>40.00</NORMAL_HOURS>
</EMPDETAILHDR-ROW>
<EMPDETAILHDR-ROW>
    <PERSON_ID>44</PERSON_ID>
    <EMPNO>000004557</EMPNO>
    <MARITAL_STATUS>S</MARITAL_STATUS>
    <LINE1>2800 SOUTH EASTERN</LINE1>
    <LINE2/>
    <LINE3/>
    <LINE4/>
    <CITY>LAS VEGAS</CITY>
    <STATE>NV</STATE>
    <ZIP>89109</ZIP>
    <BIRTH_DATE>1971-10-07T00:00:00.000000000</BIRTH_DATE>
    <GENDER>F</GENDER>
    <ETHNIC_BACKGROUND>0</ETHNIC_BACKGROUND>
    <HIRE_DATE>1970-04-21T00:00:00.000000000</HIRE_DATE>
    <REHIRE_DATE>2007-12-15T00:00:00.000000000</REHIRE_DATE>
    <TERMINATION_DATE>2009-11-07T00:00:00.000000000</TERMINATION_DATE>
    <ASSOCIATE_TYPE>P</ASSOCIATE_TYPE>
    <ASSOCIATE_TYPE_DATE>2007-12-15T00:00:00.000000000</ASSOCIATE_TYPE_DATE>
    <TAX_ENTITY>ALB</TAX_ENTITY>
    <CURRENT_STATUS>B</CURRENT_STATUS>
    <UNITED_WAY_CODE/>
    <POS_TYPE/>
    <POS_GROUP>R0045579</POS_GROUP>
    <EMP_TYPE>1</EMP_TYPE>
    <TITLE>CLERK</TITLE>
    <PAY_GRADE>03853005</PAY_GRADE>
    <LASTCHECKDATE>2009-11-07T00:00:00.000000000</LASTCHECKDATE>
    <AVG_WEEKLY_HOURS/>
    <PAYROLL_CLASS>H</PAYROLL_CLASS>
    <LOCATION>00000333</LOCATION>
    <RATE>Y</RATE>
    <POSITION_TENURE>2007-12-15T00:00:00.000000000</POSITION_TENURE>
    <AVG_MONTHLY_WAGE/>
    <CONTRACT_SUB>03853005</CONTRACT_SUB>
    <POSITION>02131511</POSITION>
    <LOCATION_TENURE>2007-12-15T00:00:00.000000000</LOCATION_TENURE>
    <UNION_LOCAL/>
    <NORMAL_HOURS>40.00</NORMAL_HOURS>
</EMPDETAILHDR-ROW>
<EMPDETAILHDR-ROW>
    <PERSON_ID>45</PERSON_ID>
    <EMPNO>000004558</EMPNO>
    <MARITAL_STATUS>S</MARITAL_STATUS>
    <LINE1>1724 19TH AVE.</LINE1>
    <LINE2/>
    <LINE3/>
    <LINE4/>
    <CITY>NEW BRAUNFELS</CITY>
    <STATE>TX</STATE>
    <ZIP>781320000</ZIP>
    <BIRTH_DATE>1980-02-07T00:00:00.000000000</BIRTH_DATE>
    <GENDER>M</GENDER>
    <ETHNIC_BACKGROUND>0</ETHNIC_BACKGROUND>
    <HIRE_DATE>2009-03-18T00:00:00.000000000</HIRE_DATE>
    <REHIRE_DATE/>
    <TERMINATION_DATE>2009-09-05T00:00:00.000000000</TERMINATION_DATE>
    <ASSOCIATE_TYPE>P</ASSOCIATE_TYPE>
    <ASSOCIATE_TYPE_DATE>2009-03-18T00:00:00.000000000</ASSOCIATE_TYPE_DATE>
    <TAX_ENTITY>ALB</TAX_ENTITY>
    <CURRENT_STATUS>B</CURRENT_STATUS>
    <UNITED_WAY_CODE/>
    <POS_TYPE/>
    <POS_GROUP>R0045579</POS_GROUP>
    <EMP_TYPE>1</EMP_TYPE>
    <TITLE>CASHIER</TITLE>
    <PAY_GRADE>04999741</PAY_GRADE>
    <LASTCHECKDATE>2009-09-03T00:00:00.000000000</LASTCHECKDATE>
    <AVG_WEEKLY_HOURS/>
    <PAYROLL_CLASS>H</PAYROLL_CLASS>
    <LOCATION>00000333</LOCATION>
    <RATE>Y</RATE>
    <POSITION_TENURE>2009-03-18T00:00:00.000000000</POSITION_TENURE>
    <AVG_MONTHLY_WAGE/>
    <CONTRACT_SUB>04999741</CONTRACT_SUB>
    <POSITION>01352027</POSITION>
    <LOCATION_TENURE>2009-03-18T00:00:00.000000000</LOCATION_TENURE>
    <UNION_LOCAL/>
    <NORMAL_HOURS>40.00</NORMAL_HOURS>
</EMPDETAILHDR-ROW>
<EMPDETAILHDR-ROW>
    <PERSON_ID>46</PERSON_ID>
    <EMPNO>000004559</EMPNO>
    <MARITAL_STATUS>M</MARITAL_STATUS>
    <LINE1>1801 NAVAJO ROAD</LINE1>
    <LINE2/>
    <LINE3/>
    <LINE4/>
    <CITY>YUMA</CITY>
    <STATE>AZ</STATE>
    <ZIP>89180</ZIP>
    <BIRTH_DATE>1945-03-08T00:00:00.000000000</BIRTH_DATE>
    <GENDER>M</GENDER>
    <ETHNIC_BACKGROUND>4</ETHNIC_BACKGROUND>
    <HIRE_DATE>1989-09-26T00:00:00.000000000</HIRE_DATE>
    <REHIRE_DATE/>
    <TERMINATION_DATE>2009-11-07T00:00:00.000000000</TERMINATION_DATE>
    <ASSOCIATE_TYPE>P</ASSOCIATE_TYPE>
    <ASSOCIATE_TYPE_DATE/>
    <TAX_ENTITY>ALB</TAX_ENTITY>
    <CURRENT_STATUS>B</CURRENT_STATUS>
    <UNITED_WAY_CODE/>
    <POS_TYPE/>
    <POS_GROUP>R0045579</POS_GROUP>
    <EMP_TYPE>1</EMP_TYPE>
    <TITLE>BUTCHER</TITLE>
    <PAY_GRADE>03930005</PAY_GRADE>
    <LASTCHECKDATE>2009-11-07T00:00:00.000000000</LASTCHECKDATE>
    <AVG_WEEKLY_HOURS/>
    <PAYROLL_CLASS>H</PAYROLL_CLASS>
    <LOCATION>00000333</LOCATION>
    <RATE>Y</RATE>
    <POSITION_TENURE/>
    <AVG_MONTHLY_WAGE/>
    <CONTRACT_SUB>03930005</CONTRACT_SUB>
    <POSITION>01756884</POSITION>
    <LOCATION_TENURE/>
    <UNION_LOCAL>00001564</UNION_LOCAL>
    <NORMAL_HOURS>40.00</NORMAL_HOURS>
</EMPDETAILHDR-ROW>
<EMPDETAILHDR-ROW>
    <PERSON_ID>47</PERSON_ID>
    <EMPNO>000004560</EMPNO>
    <MARITAL_STATUS>S</MARITAL_STATUS>
    <LINE1>2800 SOUTH EASTERN</LINE1>
    <LINE2/>
    <LINE3/>
    <LINE4/>
    <CITY>LAS VEGAS</CITY>
    <STATE>NV</STATE>
    <ZIP>89109</ZIP>
    <BIRTH_DATE>1957-03-10T00:00:00.000000000</BIRTH_DATE>
    <GENDER>F</GENDER>
    <ETHNIC_BACKGROUND>0</ETHNIC_BACKGROUND>
    <HIRE_DATE>1970-04-21T00:00:00.000000000</HIRE_DATE>
    <REHIRE_DATE>2007-12-15T00:00:00.000000000</REHIRE_DATE>
    <TERMINATION_DATE>2009-11-07T00:00:00.000000000</TERMINATION_DATE>
    <ASSOCIATE_TYPE>P</ASSOCIATE_TYPE>
    <ASSOCIATE_TYPE_DATE>2007-12-15T00:00:00.000000000</ASSOCIATE_TYPE_DATE>
    <TAX_ENTITY>ALB</TAX_ENTITY>
    <CURRENT_STATUS>B</CURRENT_STATUS>
    <UNITED_WAY_CODE/>
    <POS_TYPE/>
    <POS_GROUP>R0078001</POS_GROUP>
    <EMP_TYPE>1</EMP_TYPE>
    <TITLE>RECEIVING CLERK</TITLE>
    <PAY_GRADE>03853005</PAY_GRADE>
    <LASTCHECKDATE>2009-11-07T00:00:00.000000000</LASTCHECKDATE>
    <AVG_WEEKLY_HOURS/>
    <PAYROLL_CLASS>H</PAYROLL_CLASS>
    <LOCATION>00000900</LOCATION>
    <RATE>Y</RATE>
    <POSITION_TENURE>2007-12-15T00:00:00.000000000</POSITION_TENURE>
    <AVG_MONTHLY_WAGE/>
    <CONTRACT_SUB>03853005</CONTRACT_SUB>
    <POSITION>02131511</POSITION>
    <LOCATION_TENURE>2007-12-15T00:00:00.000000000</LOCATION_TENURE>
    <UNION_LOCAL/>
    <NORMAL_HOURS>40.00</NORMAL_HOURS>
</EMPDETAILHDR-ROW>
<EMPDETAILHDR-ROW>
    <PERSON_ID>48</PERSON_ID> 
    <EMPNO>000004561</EMPNO> 
    <MARITAL_STATUS>M</MARITAL_STATUS> 
    <LINE1>45 ASPEN CT.</LINE1> 
    <LINE2 /> 
    <LINE3 /> 
    <LINE4 /> 
    <CITY>NASHVILLE</CITY> 
    <STATE>TN</STATE> 
    <ZIP>20543</ZIP> 
    <BIRTH_DATE>1973-01-27T00:00:00.000000000</BIRTH_DATE> 
    <GENDER>M</GENDER> 
    <ETHNIC_BACKGROUND>0</ETHNIC_BACKGROUND> 
    <HIRE_DATE>1970-04-21T00:00:00.000000000</HIRE_DATE> 
    <REHIRE_DATE>2007-12-15T00:00:00.000000000</REHIRE_DATE> 
    <TERMINATION_DATE>2009-11-07T00:00:00.000000000</TERMINATION_DATE> 
    <ASSOCIATE_TYPE>P</ASSOCIATE_TYPE> 
    <ASSOCIATE_TYPE_DATE>2007-12-15T00:00:00.000000000</ASSOCIATE_TYPE_DATE> 
    <TAX_ENTITY>ALB</TAX_ENTITY> 
    <CURRENT_STATUS>B</CURRENT_STATUS> 
    <UNITED_WAY_CODE /> 
    <POS_TYPE /> 
    <POS_GROUP>R0078001</POS_GROUP> 
    <EMP_TYPE>1</EMP_TYPE> 
    <TITLE>SHIPPING CLERK</TITLE> 
    <PAY_GRADE>03853005</PAY_GRADE> 
    <LASTCHECKDATE>2009-11-07T00:00:00.000000000</LASTCHECKDATE> 
    <AVG_WEEKLY_HOURS /> 
    <PAYROLL_CLASS>H</PAYROLL_CLASS> 
    <LOCATION>00000900</LOCATION> 
    <RATE>Y</RATE> 
    <POSITION_TENURE>2007-12-15T00:00:00.000000000</POSITION_TENURE> 
    <AVG_MONTHLY_WAGE /> 
    <CONTRACT_SUB>03853005</CONTRACT_SUB> 
    <POSITION>02131511</POSITION> 
    <LOCATION_TENURE>2007-12-15T00:00:00.000000000</LOCATION_TENURE> 
    <UNION_LOCAL /> 
    <NORMAL_HOURS>40.00</NORMAL_HOURS> 
</EMPDETAILHDR-ROW>
<EMPDETAILHDR-ROW>
    <PERSON_ID>49</PERSON_ID>
    <EMPNO>000004562</EMPNO>
    <MARITAL_STATUS>S</MARITAL_STATUS>
    <LINE1>1724 19TH AVE.</LINE1>
    <LINE2/>
    <LINE3/>
    <LINE4/>
    <CITY>NEW BRAUNFELS</CITY>
    <STATE>TX</STATE>
    <ZIP>781320000</ZIP>
    <BIRTH_DATE>1976-04-27T00:00:00.000000000</BIRTH_DATE>
    <GENDER>F</GENDER>
    <ETHNIC_BACKGROUND>0</ETHNIC_BACKGROUND>
    <HIRE_DATE>2009-03-18T00:00:00.000000000</HIRE_DATE>
    <REHIRE_DATE/>
    <TERMINATION_DATE>2009-09-05T00:00:00.000000000</TERMINATION_DATE>
    <ASSOCIATE_TYPE>P</ASSOCIATE_TYPE>
    <ASSOCIATE_TYPE_DATE>2009-03-18T00:00:00.000000000</ASSOCIATE_TYPE_DATE>
    <TAX_ENTITY>ALB</TAX_ENTITY>
    <CURRENT_STATUS>B</CURRENT_STATUS>
    <UNITED_WAY_CODE/>
    <POS_TYPE/>
    <POS_GROUP>R0078002</POS_GROUP>
    <EMP_TYPE>1</EMP_TYPE>
    <TITLE>SHIPPING CLERK</TITLE>
    <PAY_GRADE>04999741</PAY_GRADE>
    <LASTCHECKDATE>2009-09-03T00:00:00.000000000</LASTCHECKDATE>
    <AVG_WEEKLY_HOURS/>
    <PAYROLL_CLASS>H</PAYROLL_CLASS>
    <LOCATION>00000900</LOCATION>
    <RATE>Y</RATE>
    <POSITION_TENURE>2009-03-18T00:00:00.000000000</POSITION_TENURE>
    <AVG_MONTHLY_WAGE/>
    <CONTRACT_SUB>04999741</CONTRACT_SUB>
    <POSITION>01352027</POSITION>
    <LOCATION_TENURE>2009-03-18T00:00:00.000000000</LOCATION_TENURE>
    <UNION_LOCAL/>
    <NORMAL_HOURS>40.00</NORMAL_HOURS>
</EMPDETAILHDR-ROW>
<EMPDETAILHDR-ROW>
    <PERSON_ID>50</PERSON_ID>
    <EMPNO>000004563</EMPNO>
    <MARITAL_STATUS>M</MARITAL_STATUS>
    <LINE1>1801 NAVAJO ROAD</LINE1>
    <LINE2/>
    <LINE3/>
    <LINE4/>
    <CITY>YUMA</CITY>
    <STATE>AZ</STATE>
    <ZIP>89180</ZIP>
    <BIRTH_DATE>1970-01-21T00:00:00.000000000</BIRTH_DATE>
    <GENDER>M</GENDER>
    <ETHNIC_BACKGROUND>4</ETHNIC_BACKGROUND>
    <HIRE_DATE>1989-09-26T00:00:00.000000000</HIRE_DATE>
    <REHIRE_DATE/>
    <TERMINATION_DATE>2009-11-07T00:00:00.000000000</TERMINATION_DATE>
    <ASSOCIATE_TYPE>P</ASSOCIATE_TYPE>
    <ASSOCIATE_TYPE_DATE/>
    <TAX_ENTITY>ALB</TAX_ENTITY>
    <CURRENT_STATUS>B</CURRENT_STATUS>
    <UNITED_WAY_CODE/>
    <POS_TYPE/>
    <POS_GROUP>R0078002</POS_GROUP>
    <EMP_TYPE>1</EMP_TYPE>
    <TITLE>SHIPPING CLERK</TITLE>
    <PAY_GRADE>03930005</PAY_GRADE>
    <LASTCHECKDATE>2009-11-07T00:00:00.000000000</LASTCHECKDATE>
    <AVG_WEEKLY_HOURS/>
    <PAYROLL_CLASS>H</PAYROLL_CLASS>
    <LOCATION>00000900</LOCATION>
    <RATE>Y</RATE>
    <POSITION_TENURE/>
    <AVG_MONTHLY_WAGE/>
    <CONTRACT_SUB>03930005</CONTRACT_SUB>
    <POSITION>01756884</POSITION>
    <LOCATION_TENURE/>
    <UNION_LOCAL>00001564</UNION_LOCAL>
    <NORMAL_HOURS>40.00</NORMAL_HOURS>
</EMPDETAILHDR-ROW>
<EMPDETAILHDR-ROW>
    <PERSON_ID>51</PERSON_ID>
    <EMPNO>000004564</EMPNO>
    <MARITAL_STATUS>M</MARITAL_STATUS>
    <LINE1>2800 SOUTH EASTERN</LINE1>
    <LINE2/>
    <LINE3/>
    <LINE4/>
    <CITY>LAS VEGAS</CITY>
    <STATE>NV</STATE>
    <ZIP>89109</ZIP>
    <BIRTH_DATE>1962-05-12T00:00:00.000000000</BIRTH_DATE>
    <GENDER>M</GENDER>
    <ETHNIC_BACKGROUND>0</ETHNIC_BACKGROUND>
    <HIRE_DATE>1970-04-21T00:00:00.000000000</HIRE_DATE>
    <REHIRE_DATE>2007-12-15T00:00:00.000000000</REHIRE_DATE>
    <TERMINATION_DATE>2009-11-07T00:00:00.000000000</TERMINATION_DATE>
    <ASSOCIATE_TYPE>P</ASSOCIATE_TYPE>
    <ASSOCIATE_TYPE_DATE>2007-12-15T00:00:00.000000000</ASSOCIATE_TYPE_DATE>
    <TAX_ENTITY>ALB</TAX_ENTITY>
    <CURRENT_STATUS>B</CURRENT_STATUS>
    <UNITED_WAY_CODE/>
    <POS_TYPE/>
    <POS_GROUP>R0078002</POS_GROUP>
    <EMP_TYPE>1</EMP_TYPE>
    <TITLE>MANAGER</TITLE>
    <PAY_GRADE>03853005</PAY_GRADE>
    <LASTCHECKDATE>2009-11-07T00:00:00.000000000</LASTCHECKDATE>
    <AVG_WEEKLY_HOURS/>
    <PAYROLL_CLASS>H</PAYROLL_CLASS>
    <LOCATION>00000900</LOCATION>
    <RATE>Y</RATE>
    <POSITION_TENURE>2007-12-15T00:00:00.000000000</POSITION_TENURE>
    <AVG_MONTHLY_WAGE/>
    <CONTRACT_SUB>03853005</CONTRACT_SUB>
    <POSITION>02131511</POSITION>
    <LOCATION_TENURE>2007-12-15T00:00:00.000000000</LOCATION_TENURE>
    <UNION_LOCAL/>
    <NORMAL_HOURS>40.00</NORMAL_HOURS>
</EMPDETAILHDR-ROW>
<EMPDETAILHDR-ROW>
    <PERSON_ID>52</PERSON_ID> 
    <EMPNO>000004565</EMPNO> 
    <MARITAL_STATUS>M</MARITAL_STATUS> 
    <LINE1>45 ASPEN CT.</LINE1> 
    <LINE2 /> 
    <LINE3 /> 
    <LINE4 /> 
    <CITY>NASHVILLE</CITY> 
    <STATE>TN</STATE> 
    <ZIP>20543</ZIP> 
    <BIRTH_DATE>1960-07-22T00:00:00.000000000</BIRTH_DATE> 
    <GENDER>F</GENDER> 
    <ETHNIC_BACKGROUND>0</ETHNIC_BACKGROUND> 
    <HIRE_DATE>1970-04-21T00:00:00.000000000</HIRE_DATE> 
    <REHIRE_DATE>2007-12-15T00:00:00.000000000</REHIRE_DATE> 
    <TERMINATION_DATE>2009-11-07T00:00:00.000000000</TERMINATION_DATE> 
    <ASSOCIATE_TYPE>P</ASSOCIATE_TYPE> 
    <ASSOCIATE_TYPE_DATE>2007-12-15T00:00:00.000000000</ASSOCIATE_TYPE_DATE> 
    <TAX_ENTITY>ALB</TAX_ENTITY> 
    <CURRENT_STATUS>B</CURRENT_STATUS> 
    <UNITED_WAY_CODE /> 
    <POS_TYPE /> 
    <POS_GROUP>R0078002</POS_GROUP> 
    <EMP_TYPE>1</EMP_TYPE> 
    <TITLE>VICE PRESIDENT</TITLE> 
    <PAY_GRADE>03853005</PAY_GRADE> 
    <LASTCHECKDATE>2009-11-07T00:00:00.000000000</LASTCHECKDATE> 
    <AVG_WEEKLY_HOURS /> 
    <PAYROLL_CLASS>H</PAYROLL_CLASS> 
    <LOCATION>00000900</LOCATION> 
    <RATE>Y</RATE> 
    <POSITION_TENURE>2007-12-15T00:00:00.000000000</POSITION_TENURE> 
    <AVG_MONTHLY_WAGE /> 
    <CONTRACT_SUB>03853005</CONTRACT_SUB> 
    <POSITION>02131511</POSITION> 
    <LOCATION_TENURE>2007-12-15T00:00:00.000000000</LOCATION_TENURE> 
    <UNION_LOCAL /> 
    <NORMAL_HOURS>40.00</NORMAL_HOURS> 
</EMPDETAILHDR-ROW>
<EMPDETAILHDR-ROW>
    <PERSON_ID>53</PERSON_ID>
    <EMPNO>000004566</EMPNO>
    <MARITAL_STATUS>S</MARITAL_STATUS>
    <LINE1>1724 19TH AVE.</LINE1>
    <LINE2/>
    <LINE3/>
    <LINE4/>
    <CITY>NEW BRAUNFELS</CITY>
    <STATE>TX</STATE>
    <ZIP>781320000</ZIP>
    <BIRTH_DATE>1978-07-22T00:00:00.000000000</BIRTH_DATE>
    <GENDER>m</GENDER>
    <ETHNIC_BACKGROUND>0</ETHNIC_BACKGROUND>
    <HIRE_DATE>2009-03-18T00:00:00.000000000</HIRE_DATE>
    <REHIRE_DATE/>
    <TERMINATION_DATE>2009-09-05T00:00:00.000000000</TERMINATION_DATE>
    <ASSOCIATE_TYPE>P</ASSOCIATE_TYPE>
    <ASSOCIATE_TYPE_DATE>2009-03-18T00:00:00.000000000</ASSOCIATE_TYPE_DATE>
    <TAX_ENTITY>ALB</TAX_ENTITY>
    <CURRENT_STATUS>B</CURRENT_STATUS>
    <UNITED_WAY_CODE/>
    <POS_TYPE/>
    <POS_GROUP>R0078002</POS_GROUP>
    <EMP_TYPE>1</EMP_TYPE>
    <TITLE>EXECUTIVE ASSISTANT</TITLE>
    <PAY_GRADE>04999741</PAY_GRADE>
    <LASTCHECKDATE>2009-09-03T00:00:00.000000000</LASTCHECKDATE>
    <AVG_WEEKLY_HOURS/>
    <PAYROLL_CLASS>H</PAYROLL_CLASS>
    <LOCATION>00000900</LOCATION>
    <RATE>Y</RATE>
    <POSITION_TENURE>2009-03-18T00:00:00.000000000</POSITION_TENURE>
    <AVG_MONTHLY_WAGE/>
    <CONTRACT_SUB>04999741</CONTRACT_SUB>
    <POSITION>01352027</POSITION>
    <LOCATION_TENURE>2009-03-18T00:00:00.000000000</LOCATION_TENURE>
    <UNION_LOCAL/>
    <NORMAL_HOURS>40.00</NORMAL_HOURS>
</EMPDETAILHDR-ROW>
<EMPDETAILHDR-ROW>
    <PERSON_ID>54</PERSON_ID>
    <EMPNO>000004567</EMPNO>
    <MARITAL_STATUS>S</MARITAL_STATUS>
    <LINE1>1200 18TH ST.</LINE1>
    <LINE2/>
    <LINE3/>
    <LINE4/>
    <CITY>PASADENA</CITY>
    <STATE>CA</STATE>
    <ZIP>90209</ZIP>
    <BIRTH_DATE>1979-03-23T00:00:00.00000000</BIRTH_DATE>
    <GENDER>M</GENDER>
    <ETHNIC_BACKGROUND>0</ETHNIC_BACKGROUND>
    <HIRE_DATE>2009-03-18T00:00:00.000000000</HIRE_DATE>
    <REHIRE_DATE/>
    <TERMINATION_DATE>2009-09-05T00:00:00.000000000</TERMINATION_DATE>
    <ASSOCIATE_TYPE>P</ASSOCIATE_TYPE>
    <ASSOCIATE_TYPE_DATE>2009-03-18T00:00:00.000000000</ASSOCIATE_TYPE_DATE>
    <TAX_ENTITY>ALB</TAX_ENTITY>
    <CURRENT_STATUS>B</CURRENT_STATUS>
    <UNITED_WAY_CODE/>
    <POS_TYPE/>
    <POS_GROUP>R0078002</POS_GROUP>
    <EMP_TYPE>1</EMP_TYPE>
    <TITLE>MACHINIST</TITLE>
    <PAY_GRADE>04999741</PAY_GRADE>
    <LASTCHECKDATE>2009-09-03T00:00:00.000000000</LASTCHECKDATE>
    <AVG_WEEKLY_HOURS/>
    <PAYROLL_CLASS>H</PAYROLL_CLASS>
    <LOCATION>00000900</LOCATION>
    <RATE>Y</RATE>
    <POSITION_TENURE>2009-03-18T00:00:00.000000000</POSITION_TENURE>
    <AVG_MONTHLY_WAGE/>
    <CONTRACT_SUB>04999741</CONTRACT_SUB>
    <POSITION>01352027</POSITION>
    <LOCATION_TENURE>2009-03-18T00:00:00.000000000</LOCATION_TENURE>
    <UNION_LOCAL/>
    <NORMAL_HOURS>40.00</NORMAL_HOURS>
</EMPDETAILHDR-ROW>
<EMPDETAILHDR-ROW>
    <PERSON_ID>55</PERSON_ID> 
    <EMPNO>000026069</EMPNO> 
    <MARITAL_STATUS>M</MARITAL_STATUS> 
    <LINE1>45 ASPEN CT.</LINE1> 
    <LINE2 /> 
    <LINE3 /> 
    <LINE4 /> 
    <CITY>NASHVILLE</CITY> 
    <STATE>TN</STATE> 
    <ZIP>20543</ZIP> 
    <BIRTH_DATE>1975-09-07T00:00:00.000000000</BIRTH_DATE> 
    <GENDER>M</GENDER> 
    <ETHNIC_BACKGROUND>0</ETHNIC_BACKGROUND> 
    <HIRE_DATE>1970-04-21T00:00:00.000000000</HIRE_DATE> 
    <REHIRE_DATE>2007-12-15T00:00:00.000000000</REHIRE_DATE> 
    <TERMINATION_DATE>2009-11-07T00:00:00.000000000</TERMINATION_DATE> 
    <ASSOCIATE_TYPE>P</ASSOCIATE_TYPE> 
    <ASSOCIATE_TYPE_DATE>2007-12-15T00:00:00.000000000</ASSOCIATE_TYPE_DATE> 
    <TAX_ENTITY>ALB</TAX_ENTITY> 
    <CURRENT_STATUS>B</CURRENT_STATUS> 
    <UNITED_WAY_CODE /> 
    <POS_TYPE /> 
    <POS_GROUP>R0045579</POS_GROUP> 
    <EMP_TYPE>1</EMP_TYPE> 
    <TITLE>CASHIER</TITLE> 
    <PAY_GRADE>03853005</PAY_GRADE> 
    <LASTCHECKDATE>2009-11-07T00:00:00.000000000</LASTCHECKDATE> 
    <AVG_WEEKLY_HOURS /> 
    <PAYROLL_CLASS>H</PAYROLL_CLASS> 
    <LOCATION>00000333</LOCATION> 
    <RATE>Y</RATE> 
    <POSITION_TENURE>2007-12-15T00:00:00.000000000</POSITION_TENURE> 
    <AVG_MONTHLY_WAGE /> 
    <CONTRACT_SUB>03853005</CONTRACT_SUB> 
    <POSITION>02131511</POSITION> 
    <LOCATION_TENURE>2007-12-15T00:00:00.000000000</LOCATION_TENURE> 
    <UNION_LOCAL /> 
    <NORMAL_HOURS>40.00</NORMAL_HOURS> 
</EMPDETAILHDR-ROW>
</EMPDETAILHDR>