<?xml version="1.0" encoding="ISO-8859-1"?>
<EMPDETAILEMPHIST>
<EMPDETAILEMPHIST-ROW>
    <PERSON_ID>32</PERSON_ID>
    <TRANS_SEQ>1</TRANS_SEQ>
    <SYS_DATE>2003-11-10T12:29:07.000000000</SYS_DATE>
    <EFF_DATE>2003-11-10T12:29:07.000000000</EFF_DATE>
    <EMPLOY_TYPE_DATE/>
    <HIRE_DATE>1999-09-25T00:00:00.000000000</HIRE_DATE>
    <TERMINATION_DATE/>
    <REHIRE_DATE/>
    <PERS_STATUS>B</PERS_STATUS>
    <PERS_STATUS_DATE>2007-02-24T00:00:00.000000000</PERS_STATUS_DATE>
    <PERS_STATUS_RSN/>
</EMPDETAILEMPHIST-ROW>
<EMPDETAILEMPHIST-ROW>
    <PERSON_ID>33</PERSON_ID> 
    <TRANS_SEQ>228</TRANS_SEQ> 
    <SYS_DATE>1999-02-27T00:00:00.000000000</SYS_DATE> 
    <EFF_DATE>1999-02-27T00:00:00.000000000</EFF_DATE> 
    <EMPLOY_TYPE_DATE /> 
    <HIRE_DATE>1970-04-21T00:00:00.000000000</HIRE_DATE> 
    <TERMINATION_DATE /> 
    <REHIRE_DATE /> 
    <PERS_STATUS>B</PERS_STATUS> 
    <PERS_STATUS_DATE>2001-08-11T00:00:00.000000000</PERS_STATUS_DATE> 
    <PERS_STATUS_RSN>R</PERS_STATUS_RSN> 
</EMPDETAILEMPHIST-ROW>
- <EMPDETAILEMPHIST-ROW>
    <PERSON_ID>33</PERSON_ID> 
    <TRANS_SEQ>229</TRANS_SEQ> 
    <SYS_DATE>1976-02-07T00:00:00.000000000</SYS_DATE> 
    <EFF_DATE>1976-02-07T00:00:00.000000000</EFF_DATE> 
    <EMPLOY_TYPE_DATE /> 
    <HIRE_DATE>1970-04-21T00:00:00.0000000000</HIRE_DATE> 
    <TERMINATION_DATE /> 
    <REHIRE_DATE /> 
    <PERS_STATUS>B</PERS_STATUS> 
    <PERS_STATUS_DATE>2001-08-11T00:00:00.000000000</PERS_STATUS_DATE> 
    <PERS_STATUS_RSN>R</PERS_STATUS_RSN> 
</EMPDETAILEMPHIST-ROW>
<EMPDETAILEMPHIST-ROW>
    <PERSON_ID>34</PERSON_ID>
    <TRANS_SEQ>413</TRANS_SEQ>
    <SYS_DATE>1996-08-10T00:00:00.000000000</SYS_DATE>
    <EFF_DATE>1996-08-10T00:00:00.000000000</EFF_DATE>
    <EMPLOY_TYPE_DATE/>
    <HIRE_DATE>1960-09-10T00:00:00.000000000</HIRE_DATE>
    <TERMINATION_DATE/>
    <REHIRE_DATE/>
    <PERS_STATUS>B</PERS_STATUS>
    <PERS_STATUS_DATE>2006-10-07T00:00:00.000000000</PERS_STATUS_DATE>
    <PERS_STATUS_RSN/>
</EMPDETAILEMPHIST-ROW>
<EMPDETAILEMPHIST-ROW>
    <PERSON_ID>34</PERSON_ID>
    <TRANS_SEQ>414</TRANS_SEQ>
    <SYS_DATE>1992-02-15T00:00:00.000000000</SYS_DATE>
    <EFF_DATE>1992-02-15T00:00:00.000000000</EFF_DATE>
    <EMPLOY_TYPE_DATE/>
    <HIRE_DATE>1960-09-10T00:00:00.000000000</HIRE_DATE>
    <TERMINATION_DATE/>
    <REHIRE_DATE/>
    <PERS_STATUS>B</PERS_STATUS>
    <PERS_STATUS_DATE>2006-10-07T00:00:00.000000000</PERS_STATUS_DATE>
    <PERS_STATUS_RSN/>
</EMPDETAILEMPHIST-ROW>
<EMPDETAILEMPHIST-ROW>
    <PERSON_ID>35</PERSON_ID>
    <TRANS_SEQ>1191620</TRANS_SEQ>
    <SYS_DATE>1999-10-12T10:10:10.000000000</SYS_DATE>
    <EFF_DATE>1999-10-12T10:10:10.000000000</EFF_DATE>
    <EMPLOY_TYPE_DATE/>
    <HIRE_DATE>1997-09-19T00:00:00.000000000</HIRE_DATE>
    <TERMINATION_DATE/>
    <REHIRE_DATE/>
    <PERS_STATUS>B</PERS_STATUS>
    <PERS_STATUS_DATE>2004-12-25T00:00:00.000000000</PERS_STATUS_DATE>
    <PERS_STATUS_RSN/>
</EMPDETAILEMPHIST-ROW>
<EMPDETAILEMPHIST-ROW>
    <PERSON_ID>36</PERSON_ID>
    <TRANS_SEQ>1</TRANS_SEQ>
    <SYS_DATE>2003-11-10T12:29:07.000000000</SYS_DATE>
    <EFF_DATE>2003-11-10T12:29:07.000000000</EFF_DATE>
    <EMPLOY_TYPE_DATE/>
    <HIRE_DATE>1999-09-25T00:00:00.000000000</HIRE_DATE>
    <TERMINATION_DATE/>
    <REHIRE_DATE/>
    <PERS_STATUS>B</PERS_STATUS>
    <PERS_STATUS_DATE>2007-02-24T00:00:00.000000000</PERS_STATUS_DATE>
    <PERS_STATUS_RSN/>
</EMPDETAILEMPHIST-ROW>
<EMPDETAILEMPHIST-ROW>
    <PERSON_ID>37</PERSON_ID> 
    <TRANS_SEQ>228</TRANS_SEQ> 
    <SYS_DATE>1999-02-27T00:00:00.000000000</SYS_DATE> 
    <EFF_DATE>1999-02-27T00:00:00.000000000</EFF_DATE> 
    <EMPLOY_TYPE_DATE /> 
    <HIRE_DATE>1970-04-21T00:00:00.000000000</HIRE_DATE> 
    <TERMINATION_DATE /> 
    <REHIRE_DATE /> 
    <PERS_STATUS>B</PERS_STATUS> 
    <PERS_STATUS_DATE>2001-08-11T00:00:00.000000000</PERS_STATUS_DATE> 
    <PERS_STATUS_RSN>R</PERS_STATUS_RSN> 
</EMPDETAILEMPHIST-ROW>
- <EMPDETAILEMPHIST-ROW>
    <PERSON_ID>37</PERSON_ID> 
    <TRANS_SEQ>229</TRANS_SEQ> 
    <SYS_DATE>1976-02-07T00:00:00.000000000</SYS_DATE> 
    <EFF_DATE>1976-02-07T00:00:00.000000000</EFF_DATE> 
    <EMPLOY_TYPE_DATE /> 
    <HIRE_DATE>1970-04-21T00:00:00.0000000000</HIRE_DATE> 
    <TERMINATION_DATE /> 
    <REHIRE_DATE /> 
    <PERS_STATUS>B</PERS_STATUS> 
    <PERS_STATUS_DATE>2001-08-11T00:00:00.000000000</PERS_STATUS_DATE> 
    <PERS_STATUS_RSN>R</PERS_STATUS_RSN> 
</EMPDETAILEMPHIST-ROW>
<EMPDETAILEMPHIST-ROW>
    <PERSON_ID>38</PERSON_ID>
    <TRANS_SEQ>413</TRANS_SEQ>
    <SYS_DATE>1996-08-10T00:00:00.000000000</SYS_DATE>
    <EFF_DATE>1996-08-10T00:00:00.000000000</EFF_DATE>
    <EMPLOY_TYPE_DATE/>
    <HIRE_DATE>1960-09-10T00:00:00.000000000</HIRE_DATE>
    <TERMINATION_DATE/>
    <REHIRE_DATE/>
    <PERS_STATUS>B</PERS_STATUS>
    <PERS_STATUS_DATE>2006-10-07T00:00:00.000000000</PERS_STATUS_DATE>
    <PERS_STATUS_RSN/>
</EMPDETAILEMPHIST-ROW>
<EMPDETAILEMPHIST-ROW>
    <PERSON_ID>38</PERSON_ID>
    <TRANS_SEQ>414</TRANS_SEQ>
    <SYS_DATE>1992-02-15T00:00:00.000000000</SYS_DATE>
    <EFF_DATE>1992-02-15T00:00:00.000000000</EFF_DATE>
    <EMPLOY_TYPE_DATE/>
    <HIRE_DATE>1960-09-10T00:00:00.000000000</HIRE_DATE>
    <TERMINATION_DATE/>
    <REHIRE_DATE/>
    <PERS_STATUS>B</PERS_STATUS>
    <PERS_STATUS_DATE>2006-10-07T00:00:00.000000000</PERS_STATUS_DATE>
    <PERS_STATUS_RSN/>
</EMPDETAILEMPHIST-ROW>
<EMPDETAILEMPHIST-ROW>
    <PERSON_ID>39</PERSON_ID>
    <TRANS_SEQ>1191620</TRANS_SEQ>
    <SYS_DATE>1999-10-12T10:10:10.000000000</SYS_DATE>
    <EFF_DATE>1999-10-12T10:10:10.000000000</EFF_DATE>
    <EMPLOY_TYPE_DATE/>
    <HIRE_DATE>1997-09-19T00:00:00.000000000</HIRE_DATE>
    <TERMINATION_DATE/>
    <REHIRE_DATE/>
    <PERS_STATUS>B</PERS_STATUS>
    <PERS_STATUS_DATE>2004-12-25T00:00:00.000000000</PERS_STATUS_DATE>
    <PERS_STATUS_RSN/>
</EMPDETAILEMPHIST-ROW>
<EMPDETAILEMPHIST-ROW>
    <PERSON_ID>40</PERSON_ID>
    <TRANS_SEQ>1</TRANS_SEQ>
    <SYS_DATE>2003-11-10T12:29:07.000000000</SYS_DATE>
    <EFF_DATE>2003-11-10T12:29:07.000000000</EFF_DATE>
    <EMPLOY_TYPE_DATE/>
    <HIRE_DATE>1999-09-25T00:00:00.000000000</HIRE_DATE>
    <TERMINATION_DATE/>
    <REHIRE_DATE/>
    <PERS_STATUS>B</PERS_STATUS>
    <PERS_STATUS_DATE>2007-02-24T00:00:00.000000000</PERS_STATUS_DATE>
    <PERS_STATUS_RSN/>
</EMPDETAILEMPHIST-ROW>
<EMPDETAILEMPHIST-ROW>
    <PERSON_ID>41</PERSON_ID> 
    <TRANS_SEQ>228</TRANS_SEQ> 
    <SYS_DATE>1999-02-27T00:00:00.000000000</SYS_DATE> 
    <EFF_DATE>1999-02-27T00:00:00.000000000</EFF_DATE> 
    <EMPLOY_TYPE_DATE /> 
    <HIRE_DATE>1970-04-21T00:00:00.000000000</HIRE_DATE> 
    <TERMINATION_DATE /> 
    <REHIRE_DATE /> 
    <PERS_STATUS>B</PERS_STATUS> 
    <PERS_STATUS_DATE>2001-08-11T00:00:00.000000000</PERS_STATUS_DATE> 
    <PERS_STATUS_RSN>R</PERS_STATUS_RSN> 
</EMPDETAILEMPHIST-ROW>
- <EMPDETAILEMPHIST-ROW>
    <PERSON_ID>41</PERSON_ID> 
    <TRANS_SEQ>229</TRANS_SEQ> 
    <SYS_DATE>1976-02-07T00:00:00.000000000</SYS_DATE> 
    <EFF_DATE>1976-02-07T00:00:00.000000000</EFF_DATE> 
    <EMPLOY_TYPE_DATE /> 
    <HIRE_DATE>1970-04-21T00:00:00.0000000000</HIRE_DATE> 
    <TERMINATION_DATE /> 
    <REHIRE_DATE /> 
    <PERS_STATUS>B</PERS_STATUS> 
    <PERS_STATUS_DATE>2001-08-11T00:00:00.000000000</PERS_STATUS_DATE> 
    <PERS_STATUS_RSN>R</PERS_STATUS_RSN> 
</EMPDETAILEMPHIST-ROW>
<EMPDETAILEMPHIST-ROW>
    <PERSON_ID>42</PERSON_ID>
    <TRANS_SEQ>413</TRANS_SEQ>
    <SYS_DATE>1996-08-10T00:00:00.000000000</SYS_DATE>
    <EFF_DATE>1996-08-10T00:00:00.000000000</EFF_DATE>
    <EMPLOY_TYPE_DATE/>
    <HIRE_DATE>1960-09-10T00:00:00.000000000</HIRE_DATE>
    <TERMINATION_DATE/>
    <REHIRE_DATE/>
    <PERS_STATUS>B</PERS_STATUS>
    <PERS_STATUS_DATE>2006-10-07T00:00:00.000000000</PERS_STATUS_DATE>
    <PERS_STATUS_RSN/>
</EMPDETAILEMPHIST-ROW>
<EMPDETAILEMPHIST-ROW>
    <PERSON_ID>42</PERSON_ID>
    <TRANS_SEQ>414</TRANS_SEQ>
    <SYS_DATE>1992-02-15T00:00:00.000000000</SYS_DATE>
    <EFF_DATE>1992-02-15T00:00:00.000000000</EFF_DATE>
    <EMPLOY_TYPE_DATE/>
    <HIRE_DATE>1960-09-10T00:00:00.000000000</HIRE_DATE>
    <TERMINATION_DATE/>
    <REHIRE_DATE/>
    <PERS_STATUS>B</PERS_STATUS>
    <PERS_STATUS_DATE>2006-10-07T00:00:00.000000000</PERS_STATUS_DATE>
    <PERS_STATUS_RSN/>
</EMPDETAILEMPHIST-ROW>
<EMPDETAILEMPHIST-ROW>
    <PERSON_ID>43</PERSON_ID>
    <TRANS_SEQ>1191620</TRANS_SEQ>
    <SYS_DATE>1999-10-12T10:10:10.000000000</SYS_DATE>
    <EFF_DATE>1999-10-12T10:10:10.000000000</EFF_DATE>
    <EMPLOY_TYPE_DATE/>
    <HIRE_DATE>1997-09-19T00:00:00.000000000</HIRE_DATE>
    <TERMINATION_DATE/>
    <REHIRE_DATE/>
    <PERS_STATUS>B</PERS_STATUS>
    <PERS_STATUS_DATE>2004-12-25T00:00:00.000000000</PERS_STATUS_DATE>
    <PERS_STATUS_RSN/>
</EMPDETAILEMPHIST-ROW>
<EMPDETAILEMPHIST-ROW>
    <PERSON_ID>44</PERSON_ID>
    <TRANS_SEQ>1</TRANS_SEQ>
    <SYS_DATE>2003-11-10T12:29:07.000000000</SYS_DATE>
    <EFF_DATE>2003-11-10T12:29:07.000000000</EFF_DATE>
    <EMPLOY_TYPE_DATE/>
    <HIRE_DATE>1999-09-25T00:00:00.000000000</HIRE_DATE>
    <TERMINATION_DATE/>
    <REHIRE_DATE/>
    <PERS_STATUS>B</PERS_STATUS>
    <PERS_STATUS_DATE>2007-02-24T00:00:00.000000000</PERS_STATUS_DATE>
    <PERS_STATUS_RSN/>
</EMPDETAILEMPHIST-ROW>
<EMPDETAILEMPHIST-ROW>
    <PERSON_ID>45</PERSON_ID> 
    <TRANS_SEQ>228</TRANS_SEQ> 
    <SYS_DATE>1999-02-27T00:00:00.000000000</SYS_DATE> 
    <EFF_DATE>1999-02-27T00:00:00.000000000</EFF_DATE> 
    <EMPLOY_TYPE_DATE /> 
    <HIRE_DATE>1970-04-21T00:00:00.000000000</HIRE_DATE> 
    <TERMINATION_DATE /> 
    <REHIRE_DATE /> 
    <PERS_STATUS>B</PERS_STATUS> 
    <PERS_STATUS_DATE>2001-08-11T00:00:00.000000000</PERS_STATUS_DATE> 
    <PERS_STATUS_RSN>R</PERS_STATUS_RSN> 
</EMPDETAILEMPHIST-ROW>
- <EMPDETAILEMPHIST-ROW>
    <PERSON_ID>46</PERSON_ID> 
    <TRANS_SEQ>229</TRANS_SEQ> 
    <SYS_DATE>1976-02-07T00:00:00.000000000</SYS_DATE> 
    <EFF_DATE>1976-02-07T00:00:00.000000000</EFF_DATE> 
    <EMPLOY_TYPE_DATE /> 
    <HIRE_DATE>1970-04-21T00:00:00.0000000000</HIRE_DATE> 
    <TERMINATION_DATE /> 
    <REHIRE_DATE /> 
    <PERS_STATUS>B</PERS_STATUS> 
    <PERS_STATUS_DATE>2001-08-11T00:00:00.000000000</PERS_STATUS_DATE> 
    <PERS_STATUS_RSN>R</PERS_STATUS_RSN> 
</EMPDETAILEMPHIST-ROW>
<EMPDETAILEMPHIST-ROW>
    <PERSON_ID>47</PERSON_ID>
    <TRANS_SEQ>413</TRANS_SEQ>
    <SYS_DATE>1996-08-10T00:00:00.000000000</SYS_DATE>
    <EFF_DATE>1996-08-10T00:00:00.000000000</EFF_DATE>
    <EMPLOY_TYPE_DATE/>
    <HIRE_DATE>1960-09-10T00:00:00.000000000</HIRE_DATE>
    <TERMINATION_DATE/>
    <REHIRE_DATE/>
    <PERS_STATUS>B</PERS_STATUS>
    <PERS_STATUS_DATE>2006-10-07T00:00:00.000000000</PERS_STATUS_DATE>
    <PERS_STATUS_RSN/>
</EMPDETAILEMPHIST-ROW>
<EMPDETAILEMPHIST-ROW>
    <PERSON_ID>48</PERSON_ID>
    <TRANS_SEQ>414</TRANS_SEQ>
    <SYS_DATE>1992-02-15T00:00:00.000000000</SYS_DATE>
    <EFF_DATE>1992-02-15T00:00:00.000000000</EFF_DATE>
    <EMPLOY_TYPE_DATE/>
    <HIRE_DATE>1960-09-10T00:00:00.000000000</HIRE_DATE>
    <TERMINATION_DATE/>
    <REHIRE_DATE/>
    <PERS_STATUS>B</PERS_STATUS>
    <PERS_STATUS_DATE>2006-10-07T00:00:00.000000000</PERS_STATUS_DATE>
    <PERS_STATUS_RSN/>
</EMPDETAILEMPHIST-ROW>
<EMPDETAILEMPHIST-ROW>
    <PERSON_ID>48</PERSON_ID>
    <TRANS_SEQ>1191620</TRANS_SEQ>
    <SYS_DATE>1999-10-12T10:10:10.000000000</SYS_DATE>
    <EFF_DATE>1999-10-12T10:10:10.000000000</EFF_DATE>
    <EMPLOY_TYPE_DATE/>
    <HIRE_DATE>1997-09-19T00:00:00.000000000</HIRE_DATE>
    <TERMINATION_DATE/>
    <REHIRE_DATE/>
    <PERS_STATUS>B</PERS_STATUS>
    <PERS_STATUS_DATE>2004-12-25T00:00:00.000000000</PERS_STATUS_DATE>
    <PERS_STATUS_RSN/>
</EMPDETAILEMPHIST-ROW>
<EMPDETAILEMPHIST-ROW>
    <PERSON_ID>48</PERSON_ID>
    <TRANS_SEQ>1</TRANS_SEQ>
    <SYS_DATE>2003-11-10T12:29:07.000000000</SYS_DATE>
    <EFF_DATE>2003-11-10T12:29:07.000000000</EFF_DATE>
    <EMPLOY_TYPE_DATE/>
    <HIRE_DATE>1999-09-25T00:00:00.000000000</HIRE_DATE>
    <TERMINATION_DATE/>
    <REHIRE_DATE/>
    <PERS_STATUS>B</PERS_STATUS>
    <PERS_STATUS_DATE>2007-02-24T00:00:00.000000000</PERS_STATUS_DATE>
    <PERS_STATUS_RSN/>
</EMPDETAILEMPHIST-ROW>
<EMPDETAILEMPHIST-ROW>
    <PERSON_ID>49</PERSON_ID> 
    <TRANS_SEQ>228</TRANS_SEQ> 
    <SYS_DATE>1999-02-27T00:00:00.000000000</SYS_DATE> 
    <EFF_DATE>1999-02-27T00:00:00.000000000</EFF_DATE> 
    <EMPLOY_TYPE_DATE /> 
    <HIRE_DATE>1970-04-21T00:00:00.000000000</HIRE_DATE> 
    <TERMINATION_DATE /> 
    <REHIRE_DATE /> 
    <PERS_STATUS>B</PERS_STATUS> 
    <PERS_STATUS_DATE>2001-08-11T00:00:00.000000000</PERS_STATUS_DATE> 
    <PERS_STATUS_RSN>R</PERS_STATUS_RSN> 
</EMPDETAILEMPHIST-ROW>
- <EMPDETAILEMPHIST-ROW>
    <PERSON_ID>49</PERSON_ID> 
    <TRANS_SEQ>229</TRANS_SEQ> 
    <SYS_DATE>1976-02-07T00:00:00.000000000</SYS_DATE> 
    <EFF_DATE>1976-02-07T00:00:00.000000000</EFF_DATE> 
    <EMPLOY_TYPE_DATE /> 
    <HIRE_DATE>1970-04-21T00:00:00.0000000000</HIRE_DATE> 
    <TERMINATION_DATE /> 
    <REHIRE_DATE /> 
    <PERS_STATUS>B</PERS_STATUS> 
    <PERS_STATUS_DATE>2001-08-11T00:00:00.000000000</PERS_STATUS_DATE> 
    <PERS_STATUS_RSN>R</PERS_STATUS_RSN> 
</EMPDETAILEMPHIST-ROW>
<EMPDETAILEMPHIST-ROW>
    <PERSON_ID>50</PERSON_ID>
    <TRANS_SEQ>413</TRANS_SEQ>
    <SYS_DATE>1996-08-10T00:00:00.000000000</SYS_DATE>
    <EFF_DATE>1996-08-10T00:00:00.000000000</EFF_DATE>
    <EMPLOY_TYPE_DATE/>
    <HIRE_DATE>1960-09-10T00:00:00.000000000</HIRE_DATE>
    <TERMINATION_DATE/>
    <REHIRE_DATE/>
    <PERS_STATUS>B</PERS_STATUS>
    <PERS_STATUS_DATE>2006-10-07T00:00:00.000000000</PERS_STATUS_DATE>
    <PERS_STATUS_RSN/>
</EMPDETAILEMPHIST-ROW>
<EMPDETAILEMPHIST-ROW>
    <PERSON_ID>50</PERSON_ID>
    <TRANS_SEQ>414</TRANS_SEQ>
    <SYS_DATE>1992-02-15T00:00:00.000000000</SYS_DATE>
    <EFF_DATE>1992-02-15T00:00:00.000000000</EFF_DATE>
    <EMPLOY_TYPE_DATE/>
    <HIRE_DATE>1960-09-10T00:00:00.000000000</HIRE_DATE>
    <TERMINATION_DATE/>
    <REHIRE_DATE/>
    <PERS_STATUS>B</PERS_STATUS>
    <PERS_STATUS_DATE>2006-10-07T00:00:00.000000000</PERS_STATUS_DATE>
    <PERS_STATUS_RSN/>
</EMPDETAILEMPHIST-ROW>
<EMPDETAILEMPHIST-ROW>
    <PERSON_ID>51</PERSON_ID>
    <TRANS_SEQ>1191620</TRANS_SEQ>
    <SYS_DATE>1999-10-12T10:10:10.000000000</SYS_DATE>
    <EFF_DATE>1999-10-12T10:10:10.000000000</EFF_DATE>
    <EMPLOY_TYPE_DATE/>
    <HIRE_DATE>1997-09-19T00:00:00.000000000</HIRE_DATE>
    <TERMINATION_DATE/>
    <REHIRE_DATE/>
    <PERS_STATUS>B</PERS_STATUS>
    <PERS_STATUS_DATE>2004-12-25T00:00:00.000000000</PERS_STATUS_DATE>
    <PERS_STATUS_RSN/>
</EMPDETAILEMPHIST-ROW>
<EMPDETAILEMPHIST-ROW>
    <PERSON_ID>52</PERSON_ID>
    <TRANS_SEQ>1</TRANS_SEQ>
    <SYS_DATE>2003-11-10T12:29:07.000000000</SYS_DATE>
    <EFF_DATE>2003-11-10T12:29:07.000000000</EFF_DATE>
    <EMPLOY_TYPE_DATE/>
    <HIRE_DATE>1999-09-25T00:00:00.000000000</HIRE_DATE>
    <TERMINATION_DATE/>
    <REHIRE_DATE/>
    <PERS_STATUS>B</PERS_STATUS>
    <PERS_STATUS_DATE>2007-02-24T00:00:00.000000000</PERS_STATUS_DATE>
    <PERS_STATUS_RSN/>
</EMPDETAILEMPHIST-ROW>
<EMPDETAILEMPHIST-ROW>
    <PERSON_ID>53</PERSON_ID> 
    <TRANS_SEQ>228</TRANS_SEQ> 
    <SYS_DATE>1999-02-27T00:00:00.000000000</SYS_DATE> 
    <EFF_DATE>1999-02-27T00:00:00.000000000</EFF_DATE> 
    <EMPLOY_TYPE_DATE /> 
    <HIRE_DATE>1970-04-21T00:00:00.000000000</HIRE_DATE> 
    <TERMINATION_DATE /> 
    <REHIRE_DATE /> 
    <PERS_STATUS>B</PERS_STATUS> 
    <PERS_STATUS_DATE>2001-08-11T00:00:00.000000000</PERS_STATUS_DATE> 
    <PERS_STATUS_RSN>R</PERS_STATUS_RSN> 
</EMPDETAILEMPHIST-ROW>
- <EMPDETAILEMPHIST-ROW>
    <PERSON_ID>53</PERSON_ID> 
    <TRANS_SEQ>229</TRANS_SEQ> 
    <SYS_DATE>1976-02-07T00:00:00.000000000</SYS_DATE> 
    <EFF_DATE>1976-02-07T00:00:00.000000000</EFF_DATE> 
    <EMPLOY_TYPE_DATE /> 
    <HIRE_DATE>1970-04-21T00:00:00.0000000000</HIRE_DATE> 
    <TERMINATION_DATE /> 
    <REHIRE_DATE /> 
    <PERS_STATUS>B</PERS_STATUS> 
    <PERS_STATUS_DATE>2001-08-11T00:00:00.000000000</PERS_STATUS_DATE> 
    <PERS_STATUS_RSN>R</PERS_STATUS_RSN> 
</EMPDETAILEMPHIST-ROW>
<EMPDETAILEMPHIST-ROW>
    <PERSON_ID>54</PERSON_ID>
    <TRANS_SEQ>413</TRANS_SEQ>
    <SYS_DATE>1996-08-10T00:00:00.000000000</SYS_DATE>
    <EFF_DATE>1996-08-10T00:00:00.000000000</EFF_DATE>
    <EMPLOY_TYPE_DATE/>
    <HIRE_DATE>1960-09-10T00:00:00.000000000</HIRE_DATE>
    <TERMINATION_DATE/>
    <REHIRE_DATE/>
    <PERS_STATUS>B</PERS_STATUS>
    <PERS_STATUS_DATE>2006-10-07T00:00:00.000000000</PERS_STATUS_DATE>
    <PERS_STATUS_RSN/>
</EMPDETAILEMPHIST-ROW>
<EMPDETAILEMPHIST-ROW>
    <PERSON_ID>54</PERSON_ID>
    <TRANS_SEQ>414</TRANS_SEQ>
    <SYS_DATE>1992-02-15T00:00:00.000000000</SYS_DATE>
    <EFF_DATE>1992-02-15T00:00:00.000000000</EFF_DATE>
    <EMPLOY_TYPE_DATE/>
    <HIRE_DATE>1960-09-10T00:00:00.000000000</HIRE_DATE>
    <TERMINATION_DATE/>
    <REHIRE_DATE/>
    <PERS_STATUS>B</PERS_STATUS>
    <PERS_STATUS_DATE>2006-10-07T00:00:00.000000000</PERS_STATUS_DATE>
    <PERS_STATUS_RSN/>
</EMPDETAILEMPHIST-ROW>
<EMPDETAILEMPHIST-ROW>
    <PERSON_ID>55</PERSON_ID>
    <TRANS_SEQ>1191620</TRANS_SEQ>
    <SYS_DATE>1999-10-12T10:10:10.000000000</SYS_DATE>
    <EFF_DATE>1999-10-12T10:10:10.000000000</EFF_DATE>
    <EMPLOY_TYPE_DATE/>
    <HIRE_DATE>1997-09-19T00:00:00.000000000</HIRE_DATE>
    <TERMINATION_DATE/>
    <REHIRE_DATE/>
    <PERS_STATUS>B</PERS_STATUS>
    <PERS_STATUS_DATE>2004-12-25T00:00:00.000000000</PERS_STATUS_DATE>
    <PERS_STATUS_RSN/>
</EMPDETAILEMPHIST-ROW>
</EMPDETAILEMPHIST>