<?xml version="1.0" encoding="ISO-8859-1"?>
<ACCOUNT>
<ACCOUNT-ROW>
    <POSTING_ACCT_ID>DL 031234 962 110751 02</POSTING_ACCT_ID>
    <ACCT_DESCRIPTION>ACCRUED LAWSON EXPENSE</ACCT_DESCRIPTION>
    <ACCT_STATUS>D</ACCT_STATUS>
    <CLASS_GROUP>21</CLASS_GROUP>
    <DEPARTMENT_ID>20</DEPARTMENT_ID>
    <HO_RISK>M</HO_RISK>
    <PFTC>CC-CZ-ZZ</PFTC>
    <PREPARER_USER_ID>HHMAE0</PREPARER_USER_ID>
    <REC_DEPT_RISK>M</REC_DEPT_RISK>
    <REVIEW_FREQUENCY>PERIOD</REVIEW_FREQUENCY>
    <CENTER_DESCRIPTION>CUB FOODS - WOODBURY</CENTER_DESCRIPTION>
    <NEW_ACCT>0</NEW_ACCT>
    <FISCAL_PERIOD>6</FISCAL_PERIOD>
    <FISCAL_YEAR>2005</FISCAL_YEAR>
</ACCOUNT-ROW>
<ACCOUNT-ROW>
    <POSTING_ACCT_ID>DL 031234 962 110751 03</POSTING_ACCT_ID>
    <ACCT_DESCRIPTION>ACCRUED LAWSON EXPENSE</ACCT_DESCRIPTION>
    <ACCT_STATUS>D</ACCT_STATUS>
    <CLASS_GROUP>21</CLASS_GROUP>
    <DEPARTMENT_ID>21</DEPARTMENT_ID>
    <HO_RISK>M</HO_RISK>
    <PFTC>CC-CZ-ZZ</PFTC>
    <PREPARER_USER_ID>HHJGG0</PREPARER_USER_ID>
    <REC_DEPT_RISK>M</REC_DEPT_RISK>
    <REVIEW_FREQUENCY>PERIOD</REVIEW_FREQUENCY>
    <CENTER_DESCRIPTION>CUB FOODS - WOODBURY</CENTER_DESCRIPTION>
    <NEW_ACCT>0</NEW_ACCT>
    <FISCAL_PERIOD>6</FISCAL_PERIOD>
    <FISCAL_YEAR>2005</FISCAL_YEAR>
</ACCOUNT-ROW>
</ACCOUNT>