<?xml version="1.0" encoding="ISO-8859-1"?>
<RECONCILIATION_LOG>
<RECONCILIATION_LOG-ROW>
    <REC_ID>1</REC_ID>
    <LOG_ID>144</LOG_ID>
    <RECREGION>SE</RECREGION>
    <RECDDESC>110904 ELEC CLEARING SE 071011</RECDDESC>
    <DEPARTMENT_ID>20</DEPARTMENT_ID>
    <RECONCILINGDEPT>HO GL RECON</RECONCILINGDEPT>
    <REVIEWERID>HHMAE0</REVIEWERID>
    <REVIEWERNAME>MICHELLE A EIKAM</REVIEWERNAME>
    <STATUSID>2</STATUSID>
    <STATUS>COMPLETED</STATUS>
    <FPERIOD>6</FPERIOD>
    <FYEAR>2005</FYEAR>
    <ACTION_TYPE_ID>3</ACTION_TYPE_ID>
    <ACTIONTYPEDESC>RECONCILIATION COMPLETED</ACTIONTYPEDESC>
    <COMMENTS/>
    <LOGDATE>2004-08-26T11:32:17.000000000</LOGDATE>
</RECONCILIATION_LOG-ROW>
<RECONCILIATION_LOG-ROW>
    <REC_ID>2</REC_ID>
    <LOG_ID>145</LOG_ID>
    <RECREGION>SE</RECREGION>
    <RECDDESC>110904 ELEC CLEARING SE 071011</RECDDESC>
    <DEPARTMENT_ID>21</DEPARTMENT_ID>
    <RECONCILINGDEPT>HO GL RECON</RECONCILINGDEPT>
    <REVIEWERID>HHJGG0</REVIEWERID>
    <REVIEWERNAME>JON GERHART</REVIEWERNAME>
    <STATUSID>2</STATUSID>
    <STATUS>COMPLETED</STATUS>
    <FPERIOD>6</FPERIOD>
    <FYEAR>2005</FYEAR>
    <ACTION_TYPE_ID>3</ACTION_TYPE_ID>
    <ACTIONTYPEDESC>RECONCILIATION COMPLETED</ACTIONTYPEDESC>
    <COMMENTS/>
    <LOGDATE>2004-08-27T14:52:27.000000000</LOGDATE>
</RECONCILIATION_LOG-ROW>
</RECONCILIATION_LOG>