<?xml version="1.0" encoding="ISO-8859-1"?>
<EMPDETAILADDPOSINFO>
<EMPDETAILADDPOSINFO-ROW>
    <PERSON_ID>32</PERSON_ID>
    <TITLE>JOURNEYMAN BAKER</TITLE>
    <LOCATION>00000804</LOCATION>
    <POSITION>00010002</POSITION>
    <RATE>Y</RATE>
    <NORMAL_HOURS>40.00</NORMAL_HOURS>
    <LASTCHECKDATE>1999-05-25T00:00:00.000000000</LASTCHECKDATE>
</EMPDETAILADDPOSINFO-ROW>
<EMPDETAILADDPOSINFO-ROW>
    <PERSON_ID>33</PERSON_ID>
    <TITLE>SALAD MAKER</TITLE>
    <LOCATION>00000804</LOCATION>
    <POSITION>00645293</POSITION>
    <RATE>Y</RATE>
    <NORMAL_HOURS>40.00</NORMAL_HOURS>
    <LASTCHECKDATE>1901-01-01T00:00:00.000000000</LASTCHECKDATE>
</EMPDETAILADDPOSINFO-ROW>
<EMPDETAILADDPOSINFO-ROW>
    <PERSON_ID>33</PERSON_ID>
    <TITLE>STOCKING</TITLE>
    <LOCATION>00000804</LOCATION>
    <POSITION>00300741</POSITION>
    <RATE>Y</RATE>
    <NORMAL_HOURS>40.00</NORMAL_HOURS>
    <LASTCHECKDATE>1901-01-01T00:00:00.000000000</LASTCHECKDATE>
</EMPDETAILADDPOSINFO-ROW>
<EMPDETAILADDPOSINFO-ROW>
    <PERSON_ID>33</PERSON_ID>
    <TITLE>STOCKING</TITLE>
    <LOCATION>00000804</LOCATION>
    <POSITION>00300741</POSITION>
    <RATE>Y</RATE>
    <NORMAL_HOURS>40.00</NORMAL_HOURS>
    <LASTCHECKDATE/>
</EMPDETAILADDPOSINFO-ROW>
<EMPDETAILADDPOSINFO-ROW>
    <PERSON_ID>34</PERSON_ID>
    <TITLE/>
    <LOCATION>00000807</LOCATION>
    <POSITION>01129619</POSITION>
    <RATE/>
    <NORMAL_HOURS>40.00</NORMAL_HOURS>
    <LASTCHECKDATE/>
</EMPDETAILADDPOSINFO-ROW>
<EMPDETAILADDPOSINFO-ROW>
    <PERSON_ID>35</PERSON_ID>
    <TITLE>PHARMACIST</TITLE>
    <LOCATION>00000808</LOCATION>
    <POSITION>01080175</POSITION>
    <RATE/>
    <NORMAL_HOURS>40.00</NORMAL_HOURS>
    <LASTCHECKDATE/>
</EMPDETAILADDPOSINFO-ROW>
<EMPDETAILADDPOSINFO-ROW>
    <PERSON_ID>36</PERSON_ID>
    <TITLE>JOURNEYMAN BAKER</TITLE>
    <LOCATION>00000804</LOCATION>
    <POSITION>00010002</POSITION>
    <RATE>Y</RATE>
    <NORMAL_HOURS>40.00</NORMAL_HOURS>
    <LASTCHECKDATE>1999-05-25T00:00:00.000000000</LASTCHECKDATE>
</EMPDETAILADDPOSINFO-ROW>
<EMPDETAILADDPOSINFO-ROW>
    <PERSON_ID>33</PERSON_ID>
    <TITLE>SALAD MAKER</TITLE>
    <LOCATION>00000804</LOCATION>
    <POSITION>00645293</POSITION>
    <RATE>Y</RATE>
    <NORMAL_HOURS>40.00</NORMAL_HOURS>
    <LASTCHECKDATE>1901-01-01T00:00:00.000000000</LASTCHECKDATE>
</EMPDETAILADDPOSINFO-ROW>
<EMPDETAILADDPOSINFO-ROW>
    <PERSON_ID>37</PERSON_ID>
    <TITLE>STOCKING</TITLE>
    <LOCATION>00000804</LOCATION>
    <POSITION>00300741</POSITION>
    <RATE>Y</RATE>
    <NORMAL_HOURS>40.00</NORMAL_HOURS>
    <LASTCHECKDATE>1901-01-01T00:00:00.000000000</LASTCHECKDATE>
</EMPDETAILADDPOSINFO-ROW>
<EMPDETAILADDPOSINFO-ROW>
    <PERSON_ID>37</PERSON_ID>
    <TITLE>STOCKING</TITLE>
    <LOCATION>00000804</LOCATION>
    <POSITION>00300741</POSITION>
    <RATE>Y</RATE>
    <NORMAL_HOURS>40.00</NORMAL_HOURS>
    <LASTCHECKDATE/>
</EMPDETAILADDPOSINFO-ROW>
<EMPDETAILADDPOSINFO-ROW>
    <PERSON_ID>38</PERSON_ID>
    <TITLE/>
    <LOCATION>00000807</LOCATION>
    <POSITION>01129619</POSITION>
    <RATE/>
    <NORMAL_HOURS>40.00</NORMAL_HOURS>
    <LASTCHECKDATE/>
</EMPDETAILADDPOSINFO-ROW>
<EMPDETAILADDPOSINFO-ROW>
    <PERSON_ID>39</PERSON_ID>
    <TITLE>PHARMACIST</TITLE>
    <LOCATION>00000808</LOCATION>
    <POSITION>01080175</POSITION>
    <RATE/>
    <NORMAL_HOURS>40.00</NORMAL_HOURS>
    <LASTCHECKDATE/>
</EMPDETAILADDPOSINFO-ROW>
<EMPDETAILADDPOSINFO-ROW>
    <PERSON_ID>40</PERSON_ID>
    <TITLE>JOURNEYMAN BAKER</TITLE>
    <LOCATION>00000804</LOCATION>
    <POSITION>00010002</POSITION>
    <RATE>Y</RATE>
    <NORMAL_HOURS>40.00</NORMAL_HOURS>
    <LASTCHECKDATE>1999-05-25T00:00:00.000000000</LASTCHECKDATE>
</EMPDETAILADDPOSINFO-ROW>
<EMPDETAILADDPOSINFO-ROW>
    <PERSON_ID>41</PERSON_ID>
    <TITLE>SALAD MAKER</TITLE>
    <LOCATION>00000804</LOCATION>
    <POSITION>00645293</POSITION>
    <RATE>Y</RATE>
    <NORMAL_HOURS>40.00</NORMAL_HOURS>
    <LASTCHECKDATE>1901-01-01T00:00:00.000000000</LASTCHECKDATE>
</EMPDETAILADDPOSINFO-ROW>
<EMPDETAILADDPOSINFO-ROW>
    <PERSON_ID>41</PERSON_ID>
    <TITLE>STOCKING</TITLE>
    <LOCATION>00000804</LOCATION>
    <POSITION>00300741</POSITION>
    <RATE>Y</RATE>
    <NORMAL_HOURS>40.00</NORMAL_HOURS>
    <LASTCHECKDATE>1901-01-01T00:00:00.000000000</LASTCHECKDATE>
</EMPDETAILADDPOSINFO-ROW>
<EMPDETAILADDPOSINFO-ROW>
    <PERSON_ID>41</PERSON_ID>
    <TITLE>STOCKING</TITLE>
    <LOCATION>00000804</LOCATION>
    <POSITION>00300741</POSITION>
    <RATE>Y</RATE>
    <NORMAL_HOURS>40.00</NORMAL_HOURS>
    <LASTCHECKDATE/>
</EMPDETAILADDPOSINFO-ROW>
<EMPDETAILADDPOSINFO-ROW>
    <PERSON_ID>42</PERSON_ID>
    <TITLE/>
    <LOCATION>00000807</LOCATION>
    <POSITION>01129619</POSITION>
    <RATE/>
    <NORMAL_HOURS>40.00</NORMAL_HOURS>
    <LASTCHECKDATE/>
</EMPDETAILADDPOSINFO-ROW>
<EMPDETAILADDPOSINFO-ROW>
    <PERSON_ID>43</PERSON_ID>
    <TITLE>PHARMACIST</TITLE>
    <LOCATION>00000808</LOCATION>
    <POSITION>01080175</POSITION>
    <RATE/>
    <NORMAL_HOURS>40.00</NORMAL_HOURS>
    <LASTCHECKDATE/>
</EMPDETAILADDPOSINFO-ROW>
<EMPDETAILADDPOSINFO-ROW>
    <PERSON_ID>44</PERSON_ID>
    <TITLE>JOURNEYMAN BAKER</TITLE>
    <LOCATION>00000804</LOCATION>
    <POSITION>00010002</POSITION>
    <RATE>Y</RATE>
    <NORMAL_HOURS>40.00</NORMAL_HOURS>
    <LASTCHECKDATE>1999-05-25T00:00:00.000000000</LASTCHECKDATE>
</EMPDETAILADDPOSINFO-ROW>
<EMPDETAILADDPOSINFO-ROW>
    <PERSON_ID>45</PERSON_ID>
    <TITLE>SALAD MAKER</TITLE>
    <LOCATION>00000804</LOCATION>
    <POSITION>00645293</POSITION>
    <RATE>Y</RATE>
    <NORMAL_HOURS>40.00</NORMAL_HOURS>
    <LASTCHECKDATE>1901-01-01T00:00:00.000000000</LASTCHECKDATE>
</EMPDETAILADDPOSINFO-ROW>
<EMPDETAILADDPOSINFO-ROW>
    <PERSON_ID>45</PERSON_ID>
    <TITLE>STOCKING</TITLE>
    <LOCATION>00000804</LOCATION>
    <POSITION>00300741</POSITION>
    <RATE>Y</RATE>
    <NORMAL_HOURS>40.00</NORMAL_HOURS>
    <LASTCHECKDATE>1901-01-01T00:00:00.000000000</LASTCHECKDATE>
</EMPDETAILADDPOSINFO-ROW>
<EMPDETAILADDPOSINFO-ROW>
    <PERSON_ID>45</PERSON_ID>
    <TITLE>STOCKING</TITLE>
    <LOCATION>00000804</LOCATION>
    <POSITION>00300741</POSITION>
    <RATE>Y</RATE>
    <NORMAL_HOURS>40.00</NORMAL_HOURS>
    <LASTCHECKDATE/>
</EMPDETAILADDPOSINFO-ROW>
<EMPDETAILADDPOSINFO-ROW>
    <PERSON_ID>46</PERSON_ID>
    <TITLE/>
    <LOCATION>00000807</LOCATION>
    <POSITION>01129619</POSITION>
    <RATE/>
    <NORMAL_HOURS>40.00</NORMAL_HOURS>
    <LASTCHECKDATE/>
</EMPDETAILADDPOSINFO-ROW>
<EMPDETAILADDPOSINFO-ROW>
    <PERSON_ID>47</PERSON_ID>
    <TITLE>PHARMACIST</TITLE>
    <LOCATION>00000808</LOCATION>
    <POSITION>01080175</POSITION>
    <RATE/>
    <NORMAL_HOURS>40.00</NORMAL_HOURS>
    <LASTCHECKDATE/>
</EMPDETAILADDPOSINFO-ROW>
<EMPDETAILADDPOSINFO-ROW>
    <PERSON_ID>48</PERSON_ID>
    <TITLE>JOURNEYMAN BAKER</TITLE>
    <LOCATION>00000804</LOCATION>
    <POSITION>00010002</POSITION>
    <RATE>Y</RATE>
    <NORMAL_HOURS>40.00</NORMAL_HOURS>
    <LASTCHECKDATE>1999-05-25T00:00:00.000000000</LASTCHECKDATE>
</EMPDETAILADDPOSINFO-ROW>
<EMPDETAILADDPOSINFO-ROW>
    <PERSON_ID>49</PERSON_ID>
    <TITLE>SALAD MAKER</TITLE>
    <LOCATION>00000804</LOCATION>
    <POSITION>00645293</POSITION>
    <RATE>Y</RATE>
    <NORMAL_HOURS>40.00</NORMAL_HOURS>
    <LASTCHECKDATE>1901-01-01T00:00:00.000000000</LASTCHECKDATE>
</EMPDETAILADDPOSINFO-ROW>
<EMPDETAILADDPOSINFO-ROW>
    <PERSON_ID>49</PERSON_ID>
    <TITLE>STOCKING</TITLE>
    <LOCATION>00000804</LOCATION>
    <POSITION>00300741</POSITION>
    <RATE>Y</RATE>
    <NORMAL_HOURS>40.00</NORMAL_HOURS>
    <LASTCHECKDATE>1901-01-01T00:00:00.000000000</LASTCHECKDATE>
</EMPDETAILADDPOSINFO-ROW>
<EMPDETAILADDPOSINFO-ROW>
    <PERSON_ID>49</PERSON_ID>
    <TITLE>STOCKING</TITLE>
    <LOCATION>00000804</LOCATION>
    <POSITION>00300741</POSITION>
    <RATE>Y</RATE>
    <NORMAL_HOURS>40.00</NORMAL_HOURS>
    <LASTCHECKDATE/>
</EMPDETAILADDPOSINFO-ROW>
<EMPDETAILADDPOSINFO-ROW>
    <PERSON_ID>50</PERSON_ID>
    <TITLE/>
    <LOCATION>00000807</LOCATION>
    <POSITION>01129619</POSITION>
    <RATE/>
    <NORMAL_HOURS>40.00</NORMAL_HOURS>
    <LASTCHECKDATE/>
</EMPDETAILADDPOSINFO-ROW>
<EMPDETAILADDPOSINFO-ROW>
    <PERSON_ID>51</PERSON_ID>
    <TITLE>PHARMACIST</TITLE>
    <LOCATION>00000808</LOCATION>
    <POSITION>01080175</POSITION>
    <RATE/>
    <NORMAL_HOURS>40.00</NORMAL_HOURS>
    <LASTCHECKDATE/>
</EMPDETAILADDPOSINFO-ROW>
<EMPDETAILADDPOSINFO-ROW>
    <PERSON_ID>52</PERSON_ID>
    <TITLE>JOURNEYMAN BAKER</TITLE>
    <LOCATION>00000804</LOCATION>
    <POSITION>00010002</POSITION>
    <RATE>Y</RATE>
    <NORMAL_HOURS>40.00</NORMAL_HOURS>
    <LASTCHECKDATE>1999-05-25T00:00:00.000000000</LASTCHECKDATE>
</EMPDETAILADDPOSINFO-ROW>
<EMPDETAILADDPOSINFO-ROW>
    <PERSON_ID>52</PERSON_ID>
    <TITLE>SALAD MAKER</TITLE>
    <LOCATION>00000804</LOCATION>
    <POSITION>00645293</POSITION>
    <RATE>Y</RATE>
    <NORMAL_HOURS>40.00</NORMAL_HOURS>
    <LASTCHECKDATE>1901-01-01T00:00:00.000000000</LASTCHECKDATE>
</EMPDETAILADDPOSINFO-ROW>
<EMPDETAILADDPOSINFO-ROW>
    <PERSON_ID>53</PERSON_ID>
    <TITLE>STOCKING</TITLE>
    <LOCATION>00000804</LOCATION>
    <POSITION>00300741</POSITION>
    <RATE>Y</RATE>
    <NORMAL_HOURS>40.00</NORMAL_HOURS>
    <LASTCHECKDATE>1901-01-01T00:00:00.000000000</LASTCHECKDATE>
</EMPDETAILADDPOSINFO-ROW>
<EMPDETAILADDPOSINFO-ROW>
    <PERSON_ID>53</PERSON_ID>
    <TITLE>STOCKING</TITLE>
    <LOCATION>00000804</LOCATION>
    <POSITION>00300741</POSITION>
    <RATE>Y</RATE>
    <NORMAL_HOURS>40.00</NORMAL_HOURS>
    <LASTCHECKDATE/>
</EMPDETAILADDPOSINFO-ROW>
<EMPDETAILADDPOSINFO-ROW>
    <PERSON_ID>54</PERSON_ID>
    <TITLE/>
    <LOCATION>00000807</LOCATION>
    <POSITION>01129619</POSITION>
    <RATE/>
    <NORMAL_HOURS>40.00</NORMAL_HOURS>
    <LASTCHECKDATE/>
</EMPDETAILADDPOSINFO-ROW>
<EMPDETAILADDPOSINFO-ROW>
    <PERSON_ID>55</PERSON_ID>
    <TITLE>PHARMACIST</TITLE>
    <LOCATION>00000808</LOCATION>
    <POSITION>01080175</POSITION>
    <RATE/>
    <NORMAL_HOURS>40.00</NORMAL_HOURS>
    <LASTCHECKDATE/>
</EMPDETAILADDPOSINFO-ROW>
</EMPDETAILADDPOSINFO>