<?xml version="1.0" encoding="ISO-8859-1"?>
<DEPARTMENT>
  <DEPARTMENT-ROW>
    <DEPARTMENT_ID>0</DEPARTMENT_ID>
    <OWNER_1_USER_ID>HHKEE0</OWNER_1_USER_ID>
    <OWNER_2_USER_ID>HHKEE0</OWNER_2_USER_ID>
    <OWNER_3_USER_ID>HHKEE0</OWNER_3_USER_ID>
    <RECONCILING_DEPT_DESCRIPTION>VIEW ONLY</RECONCILING_DEPT_DESCRIPTION>
    <VIEW_SECURITY>0</VIEW_SECURITY>
    <CERT_SECURITY>0</CERT_SECURITY>
  </DEPARTMENT-ROW>
  <DEPARTMENT-ROW>
    <DEPARTMENT_ID>61</DEPARTMENT_ID>
    <OWNER_1_USER_ID>GOCARSJ</OWNER_1_USER_ID>
    <OWNER_2_USER_ID>GOSASXB</OWNER_2_USER_ID>
    <OWNER_3_USER_ID>GOSASXB</OWNER_3_USER_ID>
    <RECONCILING_DEPT_DESCRIPTION>CASH AUDIT - S&amp;CC</RECONCILING_DEPT_DESCRIPTION>
    <VIEW_SECURITY>1</VIEW_SECURITY>
    <CERT_SECURITY>1</CERT_SECURITY>
  </DEPARTMENT-ROW>
  <DEPARTMENT-ROW>
    <DEPARTMENT_ID>4</DEPARTMENT_ID>
    <OWNER_1_USER_ID>W2AWS0</OWNER_1_USER_ID>
    <OWNER_2_USER_ID>W2GJB0</OWNER_2_USER_ID>
    <OWNER_3_USER_ID>W2GJB0</OWNER_3_USER_ID>
    <RECONCILING_DEPT_DESCRIPTION>DEAL$</RECONCILING_DEPT_DESCRIPTION>
    <VIEW_SECURITY>0</VIEW_SECURITY>
    <CERT_SECURITY>0</CERT_SECURITY>
  </DEPARTMENT-ROW>
  <DEPARTMENT-ROW>
    <DEPARTMENT_ID>5</DEPARTMENT_ID>
    <OWNER_1_USER_ID>HHPJH0</OWNER_1_USER_ID>
    <OWNER_2_USER_ID>HHSRM0</OWNER_2_USER_ID>
    <OWNER_3_USER_ID>HHSRM0</OWNER_3_USER_ID>
    <RECONCILING_DEPT_DESCRIPTION>STORE DESIGN SERVICES</RECONCILING_DEPT_DESCRIPTION>
    <VIEW_SECURITY>0</VIEW_SECURITY>
    <CERT_SECURITY>0</CERT_SECURITY>
  </DEPARTMENT-ROW>
  <DEPARTMENT-ROW>
    <DEPARTMENT_ID>6</DEPARTMENT_ID>
    <OWNER_1_USER_ID>HHAMS0</OWNER_1_USER_ID>
    <OWNER_2_USER_ID>HHEJJ0</OWNER_2_USER_ID>
    <OWNER_3_USER_ID>HHASF0</OWNER_3_USER_ID>
    <RECONCILING_DEPT_DESCRIPTION>EAST COAST RETAIL</RECONCILING_DEPT_DESCRIPTION>
    <VIEW_SECURITY>0</VIEW_SECURITY>
    <CERT_SECURITY>0</CERT_SECURITY>
  </DEPARTMENT-ROW>
  <DEPARTMENT-ROW>
    <DEPARTMENT_ID>7</DEPARTMENT_ID>
    <OWNER_1_USER_ID>Z9JMK1</OWNER_1_USER_ID>
    <OWNER_2_USER_ID>Z9JMC1</OWNER_2_USER_ID>
    <OWNER_3_USER_ID>Z9JMC1</OWNER_3_USER_ID>
    <RECONCILING_DEPT_DESCRIPTION>EASTERN REGION</RECONCILING_DEPT_DESCRIPTION>
    <VIEW_SECURITY>0</VIEW_SECURITY>
    <CERT_SECURITY>0</CERT_SECURITY>
  </DEPARTMENT-ROW>
  <DEPARTMENT-ROW>
    <DEPARTMENT_ID>8</DEPARTMENT_ID>
    <OWNER_1_USER_ID>YBSMD0</OWNER_1_USER_ID>
    <OWNER_2_USER_ID>HHBOR0</OWNER_2_USER_ID>
    <OWNER_3_USER_ID>HHBOR0</OWNER_3_USER_ID>
    <RECONCILING_DEPT_DESCRIPTION>EASTON</RECONCILING_DEPT_DESCRIPTION>
    <VIEW_SECURITY>0</VIEW_SECURITY>
    <CERT_SECURITY>0</CERT_SECURITY>
  </DEPARTMENT-ROW>
  <DEPARTMENT-ROW>
    <DEPARTMENT_ID>9</DEPARTMENT_ID>
    <OWNER_1_USER_ID>HHCCP0</OWNER_1_USER_ID>
    <OWNER_2_USER_ID>HHJAT0</OWNER_2_USER_ID>
    <OWNER_3_USER_ID>HHJAT0</OWNER_3_USER_ID>
    <RECONCILING_DEPT_DESCRIPTION>HO CD ASSURANCE AUDIT</RECONCILING_DEPT_DESCRIPTION>
    <VIEW_SECURITY>0</VIEW_SECURITY>
    <CERT_SECURITY>0</CERT_SECURITY>
  </DEPARTMENT-ROW>
  <DEPARTMENT-ROW>
    <DEPARTMENT_ID>11</DEPARTMENT_ID>
    <OWNER_1_USER_ID>HHCML1</OWNER_1_USER_ID>
    <OWNER_2_USER_ID>HHJAT0</OWNER_2_USER_ID>
    <OWNER_3_USER_ID>HHJAT0</OWNER_3_USER_ID>
    <RECONCILING_DEPT_DESCRIPTION>HO CD DISTRIBUTION A/P</RECONCILING_DEPT_DESCRIPTION>
    <VIEW_SECURITY>0</VIEW_SECURITY>
    <CERT_SECURITY>0</CERT_SECURITY>
  </DEPARTMENT-ROW>
  <DEPARTMENT-ROW>
    <DEPARTMENT_ID>12</DEPARTMENT_ID>
    <OWNER_1_USER_ID>HHCML1</OWNER_1_USER_ID>
    <OWNER_2_USER_ID>HHJAT0</OWNER_2_USER_ID>
    <OWNER_3_USER_ID>HHJAT0</OWNER_3_USER_ID>
    <RECONCILING_DEPT_DESCRIPTION>HO CD RETAIL A/P</RECONCILING_DEPT_DESCRIPTION>
    <VIEW_SECURITY>0</VIEW_SECURITY>
    <CERT_SECURITY>0</CERT_SECURITY>
  </DEPARTMENT-ROW>
  <DEPARTMENT-ROW>
    <DEPARTMENT_ID>58</DEPARTMENT_ID>
    <OWNER_1_USER_ID>HHAGL0</OWNER_1_USER_ID>
    <OWNER_2_USER_ID>HHJSB0</OWNER_2_USER_ID>
    <OWNER_3_USER_ID>GOSASXB</OWNER_3_USER_ID>
    <RECONCILING_DEPT_DESCRIPTION>HO CASH AUDIT - TRECS</RECONCILING_DEPT_DESCRIPTION>
    <VIEW_SECURITY>0</VIEW_SECURITY>
    <CERT_SECURITY>0</CERT_SECURITY>
  </DEPARTMENT-ROW>
  <DEPARTMENT-ROW>
    <DEPARTMENT_ID>15</DEPARTMENT_ID>
    <OWNER_1_USER_ID>GOCACJS</OWNER_1_USER_ID>
    <OWNER_2_USER_ID>GOCABSO</OWNER_2_USER_ID>
    <OWNER_3_USER_ID>GOCADJT</OWNER_3_USER_ID>
    <RECONCILING_DEPT_DESCRIPTION>HO CORPORATE TAX</RECONCILING_DEPT_DESCRIPTION>
    <VIEW_SECURITY>0</VIEW_SECURITY>
    <CERT_SECURITY>0</CERT_SECURITY>
  </DEPARTMENT-ROW>
  <DEPARTMENT-ROW>
    <DEPARTMENT_ID>16</DEPARTMENT_ID>
    <OWNER_1_USER_ID>HHJAR0</OWNER_1_USER_ID>
    <OWNER_2_USER_ID>HHJAR0</OWNER_2_USER_ID>
    <OWNER_3_USER_ID>HHKTB0</OWNER_3_USER_ID>
    <RECONCILING_DEPT_DESCRIPTION>HO DISTRIBUTION ACCOUNTING</RECONCILING_DEPT_DESCRIPTION>
    <VIEW_SECURITY>0</VIEW_SECURITY>
    <CERT_SECURITY>0</CERT_SECURITY>
  </DEPARTMENT-ROW>
  <DEPARTMENT-ROW>
    <DEPARTMENT_ID>17</DEPARTMENT_ID>
    <OWNER_1_USER_ID>HHMTS0</OWNER_1_USER_ID>
    <OWNER_2_USER_ID>HHALK1</OWNER_2_USER_ID>
    <OWNER_3_USER_ID>HHKTB0</OWNER_3_USER_ID>
    <RECONCILING_DEPT_DESCRIPTION>HO DISTRIBUTION ANALYSIS</RECONCILING_DEPT_DESCRIPTION>
    <VIEW_SECURITY>0</VIEW_SECURITY>
    <CERT_SECURITY>0</CERT_SECURITY>
  </DEPARTMENT-ROW>
  <DEPARTMENT-ROW>
    <DEPARTMENT_ID>18</DEPARTMENT_ID>
    <OWNER_1_USER_ID>JBAR03G</OWNER_1_USER_ID>
    <OWNER_2_USER_ID>HHALK0</OWNER_2_USER_ID>
    <OWNER_3_USER_ID>HHSAC0</OWNER_3_USER_ID>
    <RECONCILING_DEPT_DESCRIPTION>HO FINANCIAL REPORTING</RECONCILING_DEPT_DESCRIPTION>
    <VIEW_SECURITY>0</VIEW_SECURITY>
    <CERT_SECURITY>0</CERT_SECURITY>
  </DEPARTMENT-ROW>
  <DEPARTMENT-ROW>
    <DEPARTMENT_ID>19</DEPARTMENT_ID>
    <OWNER_1_USER_ID>HHRLM2</OWNER_1_USER_ID>
    <OWNER_2_USER_ID>HHSAC0</OWNER_2_USER_ID>
    <OWNER_3_USER_ID>HHSAC0</OWNER_3_USER_ID>
    <RECONCILING_DEPT_DESCRIPTION>HO FIXED ASSETS</RECONCILING_DEPT_DESCRIPTION>
    <VIEW_SECURITY>0</VIEW_SECURITY>
    <CERT_SECURITY>0</CERT_SECURITY>
  </DEPARTMENT-ROW>
  <DEPARTMENT-ROW>
    <DEPARTMENT_ID>20</DEPARTMENT_ID>
    <OWNER_1_USER_ID>HHTAK0</OWNER_1_USER_ID>
    <OWNER_2_USER_ID>HHJSB0</OWNER_2_USER_ID>
    <OWNER_3_USER_ID>HHJSB0</OWNER_3_USER_ID>
    <RECONCILING_DEPT_DESCRIPTION>HO GL RECON</RECONCILING_DEPT_DESCRIPTION>
    <VIEW_SECURITY>0</VIEW_SECURITY>
    <CERT_SECURITY>0</CERT_SECURITY>
  </DEPARTMENT-ROW>
  <DEPARTMENT-ROW>
    <DEPARTMENT_ID>21</DEPARTMENT_ID>
    <OWNER_1_USER_ID>HHSMO1</OWNER_1_USER_ID>
    <OWNER_2_USER_ID>HHSMO1</OWNER_2_USER_ID>
    <OWNER_3_USER_ID>HHJSB0</OWNER_3_USER_ID>
    <RECONCILING_DEPT_DESCRIPTION>HO I/T ACCOUNTING</RECONCILING_DEPT_DESCRIPTION>
    <VIEW_SECURITY>0</VIEW_SECURITY>
    <CERT_SECURITY>0</CERT_SECURITY>
  </DEPARTMENT-ROW>
  <DEPARTMENT-ROW>
    <DEPARTMENT_ID>22</DEPARTMENT_ID>
    <OWNER_1_USER_ID>HHBOR0</OWNER_1_USER_ID>
    <OWNER_2_USER_ID>HHBOR0</OWNER_2_USER_ID>
    <OWNER_3_USER_ID>HHBOR0</OWNER_3_USER_ID>
    <RECONCILING_DEPT_DESCRIPTION>HO INBOUND TRANSPORTATION</RECONCILING_DEPT_DESCRIPTION>
    <VIEW_SECURITY>0</VIEW_SECURITY>
    <CERT_SECURITY>0</CERT_SECURITY>
  </DEPARTMENT-ROW>
  <DEPARTMENT-ROW>
    <DEPARTMENT_ID>23</DEPARTMENT_ID>
    <OWNER_1_USER_ID>HHRLM2</OWNER_1_USER_ID>
    <OWNER_2_USER_ID>HHSAC0</OWNER_2_USER_ID>
    <OWNER_3_USER_ID>HHSAC0</OWNER_3_USER_ID>
    <RECONCILING_DEPT_DESCRIPTION>HO LEASE</RECONCILING_DEPT_DESCRIPTION>
    <VIEW_SECURITY>0</VIEW_SECURITY>
    <CERT_SECURITY>0</CERT_SECURITY>
  </DEPARTMENT-ROW>
  <DEPARTMENT-ROW>
    <DEPARTMENT_ID>24</DEPARTMENT_ID>
    <OWNER_1_USER_ID>HHKAR0</OWNER_1_USER_ID>
    <OWNER_2_USER_ID>HHBOR0</OWNER_2_USER_ID>
    <OWNER_3_USER_ID>HHBOR0</OWNER_3_USER_ID>
    <RECONCILING_DEPT_DESCRIPTION>HO MERCHANDISE ACCOUNTING</RECONCILING_DEPT_DESCRIPTION>
    <VIEW_SECURITY>0</VIEW_SECURITY>
    <CERT_SECURITY>0</CERT_SECURITY>
  </DEPARTMENT-ROW>
  <DEPARTMENT-ROW>
    <DEPARTMENT_ID>25</DEPARTMENT_ID>
    <OWNER_1_USER_ID>HHLMH0</OWNER_1_USER_ID>
    <OWNER_2_USER_ID>HHTMM0</OWNER_2_USER_ID>
    <OWNER_3_USER_ID>HHTMM0</OWNER_3_USER_ID>
    <RECONCILING_DEPT_DESCRIPTION>HO PAYROLL</RECONCILING_DEPT_DESCRIPTION>
    <VIEW_SECURITY>0</VIEW_SECURITY>
    <CERT_SECURITY>0</CERT_SECURITY>
  </DEPARTMENT-ROW>
  <DEPARTMENT-ROW>
    <DEPARTMENT_ID>26</DEPARTMENT_ID>
    <OWNER_1_USER_ID>GOARJSM</OWNER_1_USER_ID>
    <OWNER_2_USER_ID>GOARJSM</OWNER_2_USER_ID>
    <OWNER_3_USER_ID>HHSAC0</OWNER_3_USER_ID>
    <RECONCILING_DEPT_DESCRIPTION>HO RISK MANAGEMENT</RECONCILING_DEPT_DESCRIPTION>
    <VIEW_SECURITY>0</VIEW_SECURITY>
    <CERT_SECURITY>0</CERT_SECURITY>
  </DEPARTMENT-ROW>
  <DEPARTMENT-ROW>
    <DEPARTMENT_ID>27</DEPARTMENT_ID>
    <OWNER_1_USER_ID>Z3DLS1</OWNER_1_USER_ID>
    <OWNER_2_USER_ID>HHJSB0</OWNER_2_USER_ID>
    <OWNER_3_USER_ID>HHJSB0</OWNER_3_USER_ID>
    <RECONCILING_DEPT_DESCRIPTION>HO DISTRIBUTION AR</RECONCILING_DEPT_DESCRIPTION>
    <VIEW_SECURITY>0</VIEW_SECURITY>
    <CERT_SECURITY>0</CERT_SECURITY>
  </DEPARTMENT-ROW>
  <DEPARTMENT-ROW>
    <DEPARTMENT_ID>28</DEPARTMENT_ID>
    <OWNER_1_USER_ID>YBSMD0</OWNER_1_USER_ID>
    <OWNER_2_USER_ID>HHBOR0</OWNER_2_USER_ID>
    <OWNER_3_USER_ID>HHBOR0</OWNER_3_USER_ID>
    <RECONCILING_DEPT_DESCRIPTION>MRDC</RECONCILING_DEPT_DESCRIPTION>
    <VIEW_SECURITY>0</VIEW_SECURITY>
    <CERT_SECURITY>0</CERT_SECURITY>
  </DEPARTMENT-ROW>
  <DEPARTMENT-ROW>
    <DEPARTMENT_ID>29</DEPARTMENT_ID>
    <OWNER_1_USER_ID>Z5PMG0</OWNER_1_USER_ID>
    <OWNER_2_USER_ID>Z5BKR0</OWNER_2_USER_ID>
    <OWNER_3_USER_ID>Z5BKR0</OWNER_3_USER_ID>
    <RECONCILING_DEPT_DESCRIPTION>MIDWEST REGION</RECONCILING_DEPT_DESCRIPTION>
    <VIEW_SECURITY>0</VIEW_SECURITY>
    <CERT_SECURITY>0</CERT_SECURITY>
  </DEPARTMENT-ROW>
  <DEPARTMENT-ROW>
    <DEPARTMENT_ID>30</DEPARTMENT_ID>
    <OWNER_1_USER_ID>HHMRT0</OWNER_1_USER_ID>
    <OWNER_2_USER_ID>HHMRT0</OWNER_2_USER_ID>
    <OWNER_3_USER_ID>HHMRT0</OWNER_3_USER_ID>
    <RECONCILING_DEPT_DESCRIPTION>NEW ENGLAND REGION RETAIL</RECONCILING_DEPT_DESCRIPTION>
    <VIEW_SECURITY>0</VIEW_SECURITY>
    <CERT_SECURITY>0</CERT_SECURITY>
  </DEPARTMENT-ROW>
  <DEPARTMENT-ROW>
    <DEPARTMENT_ID>31</DEPARTMENT_ID>
    <OWNER_1_USER_ID>Z3JMJ0</OWNER_1_USER_ID>
    <OWNER_2_USER_ID>Z3GMJ0</OWNER_2_USER_ID>
    <OWNER_3_USER_ID>HHATH0</OWNER_3_USER_ID>
    <RECONCILING_DEPT_DESCRIPTION>NORTHERN REGION</RECONCILING_DEPT_DESCRIPTION>
    <VIEW_SECURITY>0</VIEW_SECURITY>
    <CERT_SECURITY>0</CERT_SECURITY>
  </DEPARTMENT-ROW>
  <DEPARTMENT-ROW>
    <DEPARTMENT_ID>32</DEPARTMENT_ID>
    <OWNER_1_USER_ID>ZNTJL0</OWNER_1_USER_ID>
    <OWNER_2_USER_ID>Z3JMJ0</OWNER_2_USER_ID>
    <OWNER_3_USER_ID>HHATH0</OWNER_3_USER_ID>
    <RECONCILING_DEPT_DESCRIPTION>NORTHERN REGION RETAIL ACCOUNTING</RECONCILING_DEPT_DESCRIPTION>
    <VIEW_SECURITY>0</VIEW_SECURITY>
    <CERT_SECURITY>0</CERT_SECURITY>
  </DEPARTMENT-ROW>
  <DEPARTMENT-ROW>
    <DEPARTMENT_ID>33</DEPARTMENT_ID>
    <OWNER_1_USER_ID>HXBAS0</OWNER_1_USER_ID>
    <OWNER_2_USER_ID>HHSAC0</OWNER_2_USER_ID>
    <OWNER_3_USER_ID>HHSAC0</OWNER_3_USER_ID>
    <RECONCILING_DEPT_DESCRIPTION>RETAIL FINANCE &amp; ACCOUNTING</RECONCILING_DEPT_DESCRIPTION>
    <VIEW_SECURITY>0</VIEW_SECURITY>
    <CERT_SECURITY>0</CERT_SECURITY>
  </DEPARTMENT-ROW>
  <DEPARTMENT-ROW>
    <DEPARTMENT_ID>34</DEPARTMENT_ID>
    <OWNER_1_USER_ID>HHASF0</OWNER_1_USER_ID>
    <OWNER_2_USER_ID>HHNBA0</OWNER_2_USER_ID>
    <OWNER_3_USER_ID>HHNBA0</OWNER_3_USER_ID>
    <RECONCILING_DEPT_DESCRIPTION>RETAIL GROSS PROFIT ACCOUNTING</RECONCILING_DEPT_DESCRIPTION>
    <VIEW_SECURITY>0</VIEW_SECURITY>
    <CERT_SECURITY>0</CERT_SECURITY>
  </DEPARTMENT-ROW>
  <DEPARTMENT-ROW>
    <DEPARTMENT_ID>35</DEPARTMENT_ID>
    <OWNER_1_USER_ID>HHJJR0</OWNER_1_USER_ID>
    <OWNER_2_USER_ID>HHSRM0</OWNER_2_USER_ID>
    <OWNER_3_USER_ID>HHSRM0</OWNER_3_USER_ID>
    <RECONCILING_DEPT_DESCRIPTION>RISK PLANNERS</RECONCILING_DEPT_DESCRIPTION>
    <VIEW_SECURITY>0</VIEW_SECURITY>
    <CERT_SECURITY>0</CERT_SECURITY>
  </DEPARTMENT-ROW>
  <DEPARTMENT-ROW>
    <DEPARTMENT_ID>36</DEPARTMENT_ID>
    <OWNER_1_USER_ID>W2AWS0</OWNER_1_USER_ID>
    <OWNER_2_USER_ID>W2AWS0</OWNER_2_USER_ID>
    <OWNER_3_USER_ID>W2GJB0</OWNER_3_USER_ID>
    <RECONCILING_DEPT_DESCRIPTION>SAVE-A-LOT</RECONCILING_DEPT_DESCRIPTION>
    <VIEW_SECURITY>0</VIEW_SECURITY>
    <CERT_SECURITY>0</CERT_SECURITY>
  </DEPARTMENT-ROW>
  <DEPARTMENT-ROW>
    <DEPARTMENT_ID>37</DEPARTMENT_ID>
    <OWNER_1_USER_ID>W2AWS0</OWNER_1_USER_ID>
    <OWNER_2_USER_ID>W2AWS0</OWNER_2_USER_ID>
    <OWNER_3_USER_ID>W2GJB0</OWNER_3_USER_ID>
    <RECONCILING_DEPT_DESCRIPTION>SAL WHOLESALE</RECONCILING_DEPT_DESCRIPTION>
    <VIEW_SECURITY>0</VIEW_SECURITY>
    <CERT_SECURITY>0</CERT_SECURITY>
  </DEPARTMENT-ROW>
  <DEPARTMENT-ROW>
    <DEPARTMENT_ID>38</DEPARTMENT_ID>
    <OWNER_1_USER_ID>YAGCW0</OWNER_1_USER_ID>
    <OWNER_2_USER_ID>YAGCW0</OWNER_2_USER_ID>
    <OWNER_3_USER_ID>YAGCW0</OWNER_3_USER_ID>
    <RECONCILING_DEPT_DESCRIPTION>SUPERVALU INTERNATIONAL</RECONCILING_DEPT_DESCRIPTION>
    <VIEW_SECURITY>0</VIEW_SECURITY>
    <CERT_SECURITY>0</CERT_SECURITY>
  </DEPARTMENT-ROW>
  <DEPARTMENT-ROW>
    <DEPARTMENT_ID>62</DEPARTMENT_ID>
    <OWNER_1_USER_ID>GOCARSJ</OWNER_1_USER_ID>
    <OWNER_2_USER_ID>GOSASXB</OWNER_2_USER_ID>
    <OWNER_3_USER_ID>GOSASXB</OWNER_3_USER_ID>
    <RECONCILING_DEPT_DESCRIPTION>CASH AUDIT TRECS - S&amp;CC</RECONCILING_DEPT_DESCRIPTION>
    <VIEW_SECURITY>1</VIEW_SECURITY>
    <CERT_SECURITY>1</CERT_SECURITY>
  </DEPARTMENT-ROW>
  <DEPARTMENT-ROW>
    <DEPARTMENT_ID>63</DEPARTMENT_ID>
    <OWNER_1_USER_ID>GOCARSJ</OWNER_1_USER_ID>
    <OWNER_2_USER_ID>GORRWRW</OWNER_2_USER_ID>
    <OWNER_3_USER_ID>GOSASXB</OWNER_3_USER_ID>
    <RECONCILING_DEPT_DESCRIPTION>SALES AUDIT - S&amp;CC</RECONCILING_DEPT_DESCRIPTION>
    <VIEW_SECURITY>1</VIEW_SECURITY>
    <CERT_SECURITY>1</CERT_SECURITY>
  </DEPARTMENT-ROW>
  <DEPARTMENT-ROW>
    <DEPARTMENT_ID>999</DEPARTMENT_ID>
    <OWNER_1_USER_ID>HHKEE0</OWNER_1_USER_ID>
    <OWNER_2_USER_ID>HHKEE0</OWNER_2_USER_ID>
    <OWNER_3_USER_ID>HHKEE0</OWNER_3_USER_ID>
    <RECONCILING_DEPT_DESCRIPTION>UNDEFINED</RECONCILING_DEPT_DESCRIPTION>
    <VIEW_SECURITY>0</VIEW_SECURITY>
    <CERT_SECURITY>0</CERT_SECURITY>
  </DEPARTMENT-ROW>
  <DEPARTMENT-ROW>
    <DEPARTMENT_ID>41</DEPARTMENT_ID>
    <OWNER_1_USER_ID>HHDRD0</OWNER_1_USER_ID>
    <OWNER_2_USER_ID>HHMMD0</OWNER_2_USER_ID>
    <OWNER_3_USER_ID>HHMMD0</OWNER_3_USER_ID>
    <RECONCILING_DEPT_DESCRIPTION>FORECASTING &amp; PLANNING</RECONCILING_DEPT_DESCRIPTION>
    <VIEW_SECURITY>0</VIEW_SECURITY>
    <CERT_SECURITY>0</CERT_SECURITY>
  </DEPARTMENT-ROW>
  <DEPARTMENT-ROW>
    <DEPARTMENT_ID>64</DEPARTMENT_ID>
    <OWNER_1_USER_ID>HHAGL0</OWNER_1_USER_ID>
    <OWNER_2_USER_ID>HHJSB0</OWNER_2_USER_ID>
    <OWNER_3_USER_ID>GOSASXB</OWNER_3_USER_ID>
    <RECONCILING_DEPT_DESCRIPTION>HO SALES AUDIT - TRECS</RECONCILING_DEPT_DESCRIPTION>
    <VIEW_SECURITY>0</VIEW_SECURITY>
    <CERT_SECURITY>0</CERT_SECURITY>
  </DEPARTMENT-ROW>
  <DEPARTMENT-ROW>
    <DEPARTMENT_ID>44</DEPARTMENT_ID>
    <OWNER_1_USER_ID>DCRA0R0</OWNER_1_USER_ID>
    <OWNER_2_USER_ID>HHAGL0</OWNER_2_USER_ID>
    <OWNER_3_USER_ID>HHKJH0</OWNER_3_USER_ID>
    <RECONCILING_DEPT_DESCRIPTION>INTERNAL SOX TESTERS</RECONCILING_DEPT_DESCRIPTION>
    <VIEW_SECURITY>0</VIEW_SECURITY>
    <CERT_SECURITY>0</CERT_SECURITY>
  </DEPARTMENT-ROW>
  <DEPARTMENT-ROW>
    <DEPARTMENT_ID>45</DEPARTMENT_ID>
    <OWNER_1_USER_ID>DCRA0R0</OWNER_1_USER_ID>
    <OWNER_2_USER_ID>HHAGL0</OWNER_2_USER_ID>
    <OWNER_3_USER_ID>HHAGL0</OWNER_3_USER_ID>
    <RECONCILING_DEPT_DESCRIPTION>CERTIFICATION ONLY</RECONCILING_DEPT_DESCRIPTION>
    <VIEW_SECURITY>0</VIEW_SECURITY>
    <CERT_SECURITY>0</CERT_SECURITY>
  </DEPARTMENT-ROW>
  <DEPARTMENT-ROW>
    <DEPARTMENT_ID>46</DEPARTMENT_ID>
    <OWNER_1_USER_ID>HCMEL0</OWNER_1_USER_ID>
    <OWNER_2_USER_ID>HHLMH0</OWNER_2_USER_ID>
    <OWNER_3_USER_ID>HHLMH0</OWNER_3_USER_ID>
    <RECONCILING_DEPT_DESCRIPTION>DENVER CUSTOMER SERVICE</RECONCILING_DEPT_DESCRIPTION>
    <VIEW_SECURITY>0</VIEW_SECURITY>
    <CERT_SECURITY>0</CERT_SECURITY>
  </DEPARTMENT-ROW>
  <DEPARTMENT-ROW>
    <DEPARTMENT_ID>55</DEPARTMENT_ID>
    <OWNER_1_USER_ID>HXBAS0</OWNER_1_USER_ID>
    <OWNER_2_USER_ID>HHSAC0</OWNER_2_USER_ID>
    <OWNER_3_USER_ID>HHSAC0</OWNER_3_USER_ID>
    <RECONCILING_DEPT_DESCRIPTION>HO RETAIL PHARMACY AR</RECONCILING_DEPT_DESCRIPTION>
    <VIEW_SECURITY>0</VIEW_SECURITY>
    <CERT_SECURITY>0</CERT_SECURITY>
  </DEPARTMENT-ROW>
  <DEPARTMENT-ROW>
    <DEPARTMENT_ID>56</DEPARTMENT_ID>
    <OWNER_1_USER_ID>HHCCP0</OWNER_1_USER_ID>
    <OWNER_2_USER_ID>HHCCP0</OWNER_2_USER_ID>
    <OWNER_3_USER_ID>HHCCP0</OWNER_3_USER_ID>
    <RECONCILING_DEPT_DESCRIPTION>HO CD EMPLOYEE EXPENSE</RECONCILING_DEPT_DESCRIPTION>
    <VIEW_SECURITY>0</VIEW_SECURITY>
    <CERT_SECURITY>0</CERT_SECURITY>
  </DEPARTMENT-ROW>
  <DEPARTMENT-ROW>
    <DEPARTMENT_ID>57</DEPARTMENT_ID>
    <OWNER_1_USER_ID>Y1LJS0</OWNER_1_USER_ID>
    <OWNER_2_USER_ID>HHBOR0</OWNER_2_USER_ID>
    <OWNER_3_USER_ID>HHBOR0</OWNER_3_USER_ID>
    <RECONCILING_DEPT_DESCRIPTION>W. NEWELL &amp; CO.</RECONCILING_DEPT_DESCRIPTION>
    <VIEW_SECURITY>0</VIEW_SECURITY>
    <CERT_SECURITY>0</CERT_SECURITY>
  </DEPARTMENT-ROW>
  <DEPARTMENT-ROW>
    <DEPARTMENT_ID>59</DEPARTMENT_ID>
    <OWNER_1_USER_ID>HHASF0</OWNER_1_USER_ID>
    <OWNER_2_USER_ID>HHNBA0</OWNER_2_USER_ID>
    <OWNER_3_USER_ID>HHNBA0</OWNER_3_USER_ID>
    <RECONCILING_DEPT_DESCRIPTION>RETAIL GROSS PROFIT ACCTG - SNS PITTSBGH</RECONCILING_DEPT_DESCRIPTION>
    <VIEW_SECURITY>0</VIEW_SECURITY>
    <CERT_SECURITY>0</CERT_SECURITY>
  </DEPARTMENT-ROW>
  <DEPARTMENT-ROW>
    <DEPARTMENT_ID>60</DEPARTMENT_ID>
    <OWNER_1_USER_ID>HHTFB0</OWNER_1_USER_ID>
    <OWNER_2_USER_ID>HHTFB0</OWNER_2_USER_ID>
    <OWNER_3_USER_ID>HHTFB0</OWNER_3_USER_ID>
    <RECONCILING_DEPT_DESCRIPTION>HO GL SUPPORT</RECONCILING_DEPT_DESCRIPTION>
    <VIEW_SECURITY>0</VIEW_SECURITY>
    <CERT_SECURITY>0</CERT_SECURITY>
  </DEPARTMENT-ROW>
  <DEPARTMENT-ROW>
    <DEPARTMENT_ID>52</DEPARTMENT_ID>
    <OWNER_1_USER_ID>GOCARSJ</OWNER_1_USER_ID>
    <OWNER_2_USER_ID>GOSASXB</OWNER_2_USER_ID>
    <OWNER_3_USER_ID>GOSASXB</OWNER_3_USER_ID>
    <RECONCILING_DEPT_DESCRIPTION>HO CASH AUDIT</RECONCILING_DEPT_DESCRIPTION>
    <VIEW_SECURITY>1</VIEW_SECURITY>
    <CERT_SECURITY>1</CERT_SECURITY>
  </DEPARTMENT-ROW>
  <DEPARTMENT-ROW>
    <DEPARTMENT_ID>53</DEPARTMENT_ID>
    <OWNER_1_USER_ID>GORRWRW</OWNER_1_USER_ID>
    <OWNER_2_USER_ID>GOCARSJ</OWNER_2_USER_ID>
    <OWNER_3_USER_ID>GOSASXB</OWNER_3_USER_ID>
    <RECONCILING_DEPT_DESCRIPTION>HO SALES AUDIT</RECONCILING_DEPT_DESCRIPTION>
    <VIEW_SECURITY>1</VIEW_SECURITY>
    <CERT_SECURITY>1</CERT_SECURITY>
  </DEPARTMENT-ROW>
  <DEPARTMENT-ROW>
    <DEPARTMENT_ID>54</DEPARTMENT_ID>
    <OWNER_1_USER_ID>HHBOR0</OWNER_1_USER_ID>
    <OWNER_2_USER_ID>HHKTB0</OWNER_2_USER_ID>
    <OWNER_3_USER_ID>HHKTB0</OWNER_3_USER_ID>
    <RECONCILING_DEPT_DESCRIPTION>LOGISTICS SERVICE PROVIDER</RECONCILING_DEPT_DESCRIPTION>
    <VIEW_SECURITY>0</VIEW_SECURITY>
    <CERT_SECURITY>0</CERT_SECURITY>
  </DEPARTMENT-ROW>
  <DEPARTMENT-ROW>
    <DEPARTMENT_ID>65</DEPARTMENT_ID>
    <OWNER_1_USER_ID>HHJCK0</OWNER_1_USER_ID>
    <OWNER_2_USER_ID>HHJGN0</OWNER_2_USER_ID>
    <OWNER_3_USER_ID>HHJGN0</OWNER_3_USER_ID>
    <RECONCILING_DEPT_DESCRIPTION>BOISE ACCOUNTS RECEIVABLE</RECONCILING_DEPT_DESCRIPTION>
    <VIEW_SECURITY>0</VIEW_SECURITY>
    <CERT_SECURITY>0</CERT_SECURITY>
  </DEPARTMENT-ROW>
  <DEPARTMENT-ROW>
    <DEPARTMENT_ID>66</DEPARTMENT_ID>
    <OWNER_1_USER_ID>HHMRT0</OWNER_1_USER_ID>
    <OWNER_2_USER_ID>HHTFB0</OWNER_2_USER_ID>
    <OWNER_3_USER_ID>HHTFB0</OWNER_3_USER_ID>
    <RECONCILING_DEPT_DESCRIPTION>HO FINANCIAL SYSTEMS SUPPORT</RECONCILING_DEPT_DESCRIPTION>
    <VIEW_SECURITY>0</VIEW_SECURITY>
    <CERT_SECURITY>0</CERT_SECURITY>
  </DEPARTMENT-ROW>
  <DEPARTMENT-ROW>
    <DEPARTMENT_ID>67</DEPARTMENT_ID>
    <OWNER_1_USER_ID>YLJEH0</OWNER_1_USER_ID>
    <OWNER_2_USER_ID>YLJEH0</OWNER_2_USER_ID>
    <OWNER_3_USER_ID>YLJEH0</OWNER_3_USER_ID>
    <RECONCILING_DEPT_DESCRIPTION>LANCASTER</RECONCILING_DEPT_DESCRIPTION>
    <VIEW_SECURITY>0</VIEW_SECURITY>
    <CERT_SECURITY>0</CERT_SECURITY>
  </DEPARTMENT-ROW>
  <DEPARTMENT-ROW>
    <DEPARTMENT_ID>68</DEPARTMENT_ID>
    <OWNER_1_USER_ID>ZBPRH0</OWNER_1_USER_ID>
    <OWNER_2_USER_ID>ZBPRH0</OWNER_2_USER_ID>
    <OWNER_3_USER_ID>ZBPRH0</OWNER_3_USER_ID>
    <RECONCILING_DEPT_DESCRIPTION>CUB FOODS</RECONCILING_DEPT_DESCRIPTION>
    <VIEW_SECURITY>0</VIEW_SECURITY>
    <CERT_SECURITY>0</CERT_SECURITY>
  </DEPARTMENT-ROW>
  <DEPARTMENT-ROW>
    <DEPARTMENT_ID>69</DEPARTMENT_ID>
    <OWNER_1_USER_ID>HHSJB0</OWNER_1_USER_ID>
    <OWNER_2_USER_ID>HHSJB0</OWNER_2_USER_ID>
    <OWNER_3_USER_ID>HHSJB0</OWNER_3_USER_ID>
    <RECONCILING_DEPT_DESCRIPTION>HO RETAIL PLANNING</RECONCILING_DEPT_DESCRIPTION>
    <VIEW_SECURITY>0</VIEW_SECURITY>
    <CERT_SECURITY>0</CERT_SECURITY>
  </DEPARTMENT-ROW>
  <DEPARTMENT-ROW>
    <DEPARTMENT_ID>70</DEPARTMENT_ID>
    <OWNER_1_USER_ID>HHMRT0</OWNER_1_USER_ID>
    <OWNER_2_USER_ID>HHMRT0</OWNER_2_USER_ID>
    <OWNER_3_USER_ID>HHMRT0</OWNER_3_USER_ID>
    <RECONCILING_DEPT_DESCRIPTION>HO IT FINANCE</RECONCILING_DEPT_DESCRIPTION>
    <VIEW_SECURITY>0</VIEW_SECURITY>
    <CERT_SECURITY>0</CERT_SECURITY>
  </DEPARTMENT-ROW>
  <DEPARTMENT-ROW>
    <DEPARTMENT_ID>71</DEPARTMENT_ID>
    <OWNER_1_USER_ID>HHDRD0</OWNER_1_USER_ID>
    <OWNER_2_USER_ID>HHMMD0</OWNER_2_USER_ID>
    <OWNER_3_USER_ID>HHMMD0</OWNER_3_USER_ID>
    <RECONCILING_DEPT_DESCRIPTION>HO FORECAST &amp; PLANNING</RECONCILING_DEPT_DESCRIPTION>
    <VIEW_SECURITY>0</VIEW_SECURITY>
    <CERT_SECURITY>0</CERT_SECURITY>
  </DEPARTMENT-ROW>
  <DEPARTMENT-ROW>
    <DEPARTMENT_ID>72</DEPARTMENT_ID>
    <OWNER_1_USER_ID>GOCARSJ</OWNER_1_USER_ID>
    <OWNER_2_USER_ID>GORRWRW</OWNER_2_USER_ID>
    <OWNER_3_USER_ID>GOSASXB</OWNER_3_USER_ID>
    <RECONCILING_DEPT_DESCRIPTION>SALES AUDIT TRECS - S&amp;CC</RECONCILING_DEPT_DESCRIPTION>
    <VIEW_SECURITY>1</VIEW_SECURITY>
    <CERT_SECURITY>1</CERT_SECURITY>
  </DEPARTMENT-ROW>
  <DEPARTMENT-ROW>
    <DEPARTMENT_ID>73</DEPARTMENT_ID>
    <OWNER_1_USER_ID>Z3JMJ0</OWNER_1_USER_ID>
    <OWNER_2_USER_ID>LAACHTK</OWNER_2_USER_ID>
    <OWNER_3_USER_ID>HHATH0</OWNER_3_USER_ID>
    <RECONCILING_DEPT_DESCRIPTION>BREA</RECONCILING_DEPT_DESCRIPTION>
    <VIEW_SECURITY>0</VIEW_SECURITY>
    <CERT_SECURITY>0</CERT_SECURITY>
  </DEPARTMENT-ROW>
  <DEPARTMENT-ROW>
    <DEPARTMENT_ID>74</DEPARTMENT_ID>
    <OWNER_1_USER_ID>GODSJAJ</OWNER_1_USER_ID>
    <OWNER_2_USER_ID>GODSJAJ</OWNER_2_USER_ID>
    <OWNER_3_USER_ID>GODSJAJ</OWNER_3_USER_ID>
    <RECONCILING_DEPT_DESCRIPTION>BOISE SUNDRIES</RECONCILING_DEPT_DESCRIPTION>
    <VIEW_SECURITY>0</VIEW_SECURITY>
    <CERT_SECURITY>0</CERT_SECURITY>
  </DEPARTMENT-ROW>
  <DEPARTMENT-ROW>
    <DEPARTMENT_ID>75</DEPARTMENT_ID>
    <OWNER_1_USER_ID>Z7BLS0</OWNER_1_USER_ID>
    <OWNER_2_USER_ID>Z7BLS0</OWNER_2_USER_ID>
    <OWNER_3_USER_ID>Z7BLS0</OWNER_3_USER_ID>
    <RECONCILING_DEPT_DESCRIPTION>WESTERN REGION</RECONCILING_DEPT_DESCRIPTION>
    <VIEW_SECURITY>0</VIEW_SECURITY>
    <CERT_SECURITY>0</CERT_SECURITY>
  </DEPARTMENT-ROW>
  <DEPARTMENT-ROW>
    <DEPARTMENT_ID>76</DEPARTMENT_ID>
    <OWNER_1_USER_ID>Z3JMJ0</OWNER_1_USER_ID>
    <OWNER_2_USER_ID>HHATH0</OWNER_2_USER_ID>
    <OWNER_3_USER_ID>HHATH0</OWNER_3_USER_ID>
    <RECONCILING_DEPT_DESCRIPTION>PORTLAND</RECONCILING_DEPT_DESCRIPTION>
    <VIEW_SECURITY>0</VIEW_SECURITY>
    <CERT_SECURITY>0</CERT_SECURITY>
  </DEPARTMENT-ROW>
  <DEPARTMENT-ROW>
    <DEPARTMENT_ID>77</DEPARTMENT_ID>
    <OWNER_1_USER_ID>SLACSEM</OWNER_1_USER_ID>
    <OWNER_2_USER_ID>Z3JMJ0</OWNER_2_USER_ID>
    <OWNER_3_USER_ID>Z3JMJ0</OWNER_3_USER_ID>
    <RECONCILING_DEPT_DESCRIPTION>SALT LAKE CITY</RECONCILING_DEPT_DESCRIPTION>
    <VIEW_SECURITY>0</VIEW_SECURITY>
    <CERT_SECURITY>0</CERT_SECURITY>
  </DEPARTMENT-ROW>
  <DEPARTMENT-ROW>
    <DEPARTMENT_ID>78</DEPARTMENT_ID>
    <OWNER_1_USER_ID>GOCAAEC</OWNER_1_USER_ID>
    <OWNER_2_USER_ID>ALPEGG001</OWNER_2_USER_ID>
    <OWNER_3_USER_ID>ALPEGG001</OWNER_3_USER_ID>
    <RECONCILING_DEPT_DESCRIPTION>BOISE CORPORATE ACCOUNTING</RECONCILING_DEPT_DESCRIPTION>
    <VIEW_SECURITY>0</VIEW_SECURITY>
    <CERT_SECURITY>0</CERT_SECURITY>
  </DEPARTMENT-ROW>
  <DEPARTMENT-ROW>
    <DEPARTMENT_ID>79</DEPARTMENT_ID>
    <OWNER_1_USER_ID>CHERYLJ</OWNER_1_USER_ID>
    <OWNER_2_USER_ID>CHERYLJ</OWNER_2_USER_ID>
    <OWNER_3_USER_ID>CHERYLJ</OWNER_3_USER_ID>
    <RECONCILING_DEPT_DESCRIPTION>BOISE ACCOUNTS PAYABLE</RECONCILING_DEPT_DESCRIPTION>
    <VIEW_SECURITY>0</VIEW_SECURITY>
    <CERT_SECURITY>0</CERT_SECURITY>
  </DEPARTMENT-ROW>
  <DEPARTMENT-ROW>
    <DEPARTMENT_ID>80</DEPARTMENT_ID>
    <OWNER_1_USER_ID>GOCAAEC</OWNER_1_USER_ID>
    <OWNER_2_USER_ID>GOPARJB</OWNER_2_USER_ID>
    <OWNER_3_USER_ID>GOPARJB</OWNER_3_USER_ID>
    <RECONCILING_DEPT_DESCRIPTION>BOISE PROPERTY ACCOUNTING</RECONCILING_DEPT_DESCRIPTION>
    <VIEW_SECURITY>0</VIEW_SECURITY>
    <CERT_SECURITY>0</CERT_SECURITY>
  </DEPARTMENT-ROW>
  <DEPARTMENT-ROW>
    <DEPARTMENT_ID>81</DEPARTMENT_ID>
    <OWNER_1_USER_ID>IEACJXW</OWNER_1_USER_ID>
    <OWNER_2_USER_ID>Z3JMJ0</OWNER_2_USER_ID>
    <OWNER_3_USER_ID>HHATH0</OWNER_3_USER_ID>
    <RECONCILING_DEPT_DESCRIPTION>IRVINE</RECONCILING_DEPT_DESCRIPTION>
    <VIEW_SECURITY>0</VIEW_SECURITY>
    <CERT_SECURITY>0</CERT_SECURITY>
  </DEPARTMENT-ROW>
  <DEPARTMENT-ROW>
    <DEPARTMENT_ID>82</DEPARTMENT_ID>
    <OWNER_1_USER_ID>HHKXD0</OWNER_1_USER_ID>
    <OWNER_2_USER_ID>GOCAR2W</OWNER_2_USER_ID>
    <OWNER_3_USER_ID>HHSAC0</OWNER_3_USER_ID>
    <RECONCILING_DEPT_DESCRIPTION>COMPENSATION &amp; BENEFITS ACCOUNTING</RECONCILING_DEPT_DESCRIPTION>
    <VIEW_SECURITY>0</VIEW_SECURITY>
    <CERT_SECURITY>0</CERT_SECURITY>
  </DEPARTMENT-ROW>
  <DEPARTMENT-ROW>
    <DEPARTMENT_ID>83</DEPARTMENT_ID>
    <OWNER_1_USER_ID>LAACHTK</OWNER_1_USER_ID>
    <OWNER_2_USER_ID>Z3GMJ0</OWNER_2_USER_ID>
    <OWNER_3_USER_ID>Z3GMJ0</OWNER_3_USER_ID>
    <RECONCILING_DEPT_DESCRIPTION>LAS VEGAS</RECONCILING_DEPT_DESCRIPTION>
    <VIEW_SECURITY>0</VIEW_SECURITY>
    <CERT_SECURITY>0</CERT_SECURITY>
  </DEPARTMENT-ROW>
  <DEPARTMENT-ROW>
    <DEPARTMENT_ID>84</DEPARTMENT_ID>
    <OWNER_1_USER_ID>HHKEE0</OWNER_1_USER_ID>
    <OWNER_2_USER_ID>HHKEE0</OWNER_2_USER_ID>
    <OWNER_3_USER_ID>HHKEE0</OWNER_3_USER_ID>
    <RECONCILING_DEPT_DESCRIPTION>IT &amp; IT SECURITY</RECONCILING_DEPT_DESCRIPTION>
    <VIEW_SECURITY>0</VIEW_SECURITY>
    <CERT_SECURITY>0</CERT_SECURITY>
  </DEPARTMENT-ROW>
  <DEPARTMENT-ROW>
    <DEPARTMENT_ID>85</DEPARTMENT_ID>
    <OWNER_1_USER_ID>GORRTLW</OWNER_1_USER_ID>
    <OWNER_2_USER_ID>GODSJSS</OWNER_2_USER_ID>
    <OWNER_3_USER_ID>GODSJSS</OWNER_3_USER_ID>
    <RECONCILING_DEPT_DESCRIPTION>BOISE RETAIL REPORTING</RECONCILING_DEPT_DESCRIPTION>
    <VIEW_SECURITY>0</VIEW_SECURITY>
    <CERT_SECURITY>0</CERT_SECURITY>
  </DEPARTMENT-ROW>
</DEPARTMENT>