<?xml version="1.0" encoding="ISO-8859-1"?>
<PAY_HISTHDR>
<PAY_HISTHDR-ROW>
    <PERSON_ID>32</PERSON_ID>
    <EMPNO>000004545</EMPNO>
    <FIRST_NAME>JASON</FIRST_NAME>
    <MIDDLE_NAME>X</MIDDLE_NAME>
    <LAST_NAME>VINCENT</LAST_NAME>
    <SEX>M</SEX>
    <BIRTH_DATE>1970-12-11T00:00:00.000000000</BIRTH_DATE>
    <POS_TYPE/>
    <POS_GROUP>R0000010</POS_GROUP>
    <EMP_TYPE/>
    <LOCATION_CODE>00000804</LOCATION_CODE>
    <DESCR>RECEIVING CLERK</DESCR>
    <SHORT_DESCR/>
	<SOC_SEC_NUM>123-45-6789</SOC_SEC_NUM>
</PAY_HISTHDR-ROW>
<PAY_HISTHDR-ROW>
    <PERSON_ID>33</PERSON_ID>
    <EMPNO>000004546</EMPNO>
    <FIRST_NAME>STEVE</FIRST_NAME>
    <MIDDLE_NAME>X</MIDDLE_NAME>
    <LAST_NAME>GRIFFIN</LAST_NAME>
    <SEX>M</SEX>
    <BIRTH_DATE>1975-02-20T00:00:00.000000000</BIRTH_DATE>
    <POS_TYPE/>
    <POS_GROUP>R0000010</POS_GROUP>
    <EMP_TYPE/>
    <LOCATION_CODE>00000804</LOCATION_CODE>
    <DESCR>RECEIVING CLERK</DESCR>
    <SHORT_DESCR/>
	<SOC_SEC_NUM>234-56-7891</SOC_SEC_NUM>
</PAY_HISTHDR-ROW>
<PAY_HISTHDR-ROW>
    <PERSON_ID>34</PERSON_ID>
    <EMPNO>000004547</EMPNO>
    <FIRST_NAME>DOLORES</FIRST_NAME>
    <MIDDLE_NAME>P</MIDDLE_NAME>
    <LAST_NAME>MCNAMARA</LAST_NAME>
    <SEX>F</SEX>
    <BIRTH_DATE>1982-05-27T00:00:00.000000000</BIRTH_DATE>
    <POS_TYPE/>
    <POS_GROUP>R0000010</POS_GROUP>
    <EMP_TYPE/>
    <LOCATION_CODE>00000807</LOCATION_CODE>
    <DESCR>COOK</DESCR>
    <SHORT_DESCR/>
	<SOC_SEC_NUM>345-67-8912</SOC_SEC_NUM>
</PAY_HISTHDR-ROW>
<PAY_HISTHDR-ROW>
    <PERSON_ID>35</PERSON_ID>
    <EMPNO>000004548</EMPNO>
    <FIRST_NAME>SANDY</FIRST_NAME>
    <MIDDLE_NAME>P</MIDDLE_NAME>
    <LAST_NAME>HAMILTON</LAST_NAME>
    <SEX>F</SEX>
    <BIRTH_DATE>1964-01-12T00:00:00.000000000</BIRTH_DATE>
    <POS_TYPE/>
    <POS_GROUP>R0000010</POS_GROUP>
    <EMP_TYPE/>
    <LOCATION_CODE>00000808</LOCATION_CODE>
    <DESCR>SHIPPING CLERK</DESCR>
    <SHORT_DESCR/>
	<SOC_SEC_NUM>456-78-9123</SOC_SEC_NUM>
</PAY_HISTHDR-ROW>
<PAY_HISTHDR-ROW>
    <PERSON_ID>36</PERSON_ID>
    <EMPNO>000004549</EMPNO>
    <FIRST_NAME>JEAN</FIRST_NAME>
    <MIDDLE_NAME>P</MIDDLE_NAME>
    <LAST_NAME>PHILLIPS</LAST_NAME>
    <SEX>F</SEX>
    <BIRTH_DATE>1977-05-12T00:00:00.000000000</BIRTH_DATE>
    <POS_TYPE/>
    <POS_GROUP>R0000010</POS_GROUP>
    <EMP_TYPE/>
    <LOCATION_CODE>00000808</LOCATION_CODE>
    <DESCR>CASHIER</DESCR>
    <SHORT_DESCR/>
	<SOC_SEC_NUM>567-89-1234</SOC_SEC_NUM>
</PAY_HISTHDR-ROW>
<PAY_HISTHDR-ROW>
    <PERSON_ID>37</PERSON_ID>
    <EMPNO>000004550</EMPNO>
    <FIRST_NAME>MICHELLE</FIRST_NAME>
    <MIDDLE_NAME>R</MIDDLE_NAME>
    <LAST_NAME>GALLAGHER</LAST_NAME>
    <SEX>F</SEX>
    <BIRTH_DATE>1965-06-17T00:00:00.000000000</BIRTH_DATE>
    <POS_TYPE/>
    <POS_GROUP>R0000444</POS_GROUP>
    <EMP_TYPE/>
    <LOCATION_CODE>00000810</LOCATION_CODE>
    <DESCR>TRUCKER</DESCR>
    <SHORT_DESCR/>
	<SOC_SEC_NUM>678-91-2345</SOC_SEC_NUM>
</PAY_HISTHDR-ROW>
<PAY_HISTHDR-ROW>
    <PERSON_ID>38</PERSON_ID>
    <EMPNO>000004551</EMPNO>
    <FIRST_NAME>MARIAN</FIRST_NAME>
    <MIDDLE_NAME>T</MIDDLE_NAME>
    <LAST_NAME>DOUGHERTY</LAST_NAME>
    <SEX>F</SEX>
    <BIRTH_DATE>1972-07-07T00:00:00.000000000</BIRTH_DATE>
    <POS_TYPE/>
    <POS_GROUP>R0000444</POS_GROUP>
    <EMP_TYPE/>
    <LOCATION_CODE>00000810</LOCATION_CODE>
    <DESCR>DISPATCH</DESCR>
    <SHORT_DESCR/>
	<SOC_SEC_NUM>789-12-3456</SOC_SEC_NUM>
</PAY_HISTHDR-ROW>
<PAY_HISTHDR-ROW>
    <PERSON_ID>39</PERSON_ID>
    <EMPNO>000004552</EMPNO>
    <FIRST_NAME>WANDA</FIRST_NAME>
    <MIDDLE_NAME>M</MIDDLE_NAME>
    <LAST_NAME>WOODARD</LAST_NAME>
    <SEX>F</SEX>
    <BIRTH_DATE>1973-12-01T00:00:00.000000000</BIRTH_DATE>
    <POS_TYPE/>
    <POS_GROUP>R0000454</POS_GROUP>
    <EMP_TYPE/>
    <LOCATION_CODE>00000813</LOCATION_CODE>
    <DESCR>BUTCHER</DESCR>
    <SHORT_DESCR/>
	<SOC_SEC_NUM>891-23-4567</SOC_SEC_NUM>
</PAY_HISTHDR-ROW>
<PAY_HISTHDR-ROW>
    <PERSON_ID>40</PERSON_ID>
    <EMPNO>000004553</EMPNO>
    <FIRST_NAME>SOLOMON</FIRST_NAME>
    <MIDDLE_NAME>E</MIDDLE_NAME>
    <LAST_NAME>MOON</LAST_NAME>
    <SEX>M</SEX>
    <BIRTH_DATE>1980-03-07T00:00:00.000000000</BIRTH_DATE>
    <POS_TYPE/>
    <POS_GROUP>R0005050</POS_GROUP>
    <EMP_TYPE/>
    <LOCATION_CODE>00000900</LOCATION_CODE>
    <DESCR>ASSISTANT MANAGER</DESCR>
    <SHORT_DESCR/>
	<SOC_SEC_NUM>912-34-5678</SOC_SEC_NUM>
</PAY_HISTHDR-ROW>
<PAY_HISTHDR-ROW>
    <PERSON_ID>41</PERSON_ID>
    <EMPNO>000004554</EMPNO>
    <FIRST_NAME>ALEXIS</FIRST_NAME>
    <MIDDLE_NAME>H</MIDDLE_NAME>
    <LAST_NAME>PUCKETT</LAST_NAME>
    <SEX>F</SEX>
    <BIRTH_DATE>1974-02-27T00:00:00.000000000</BIRTH_DATE>
    <POS_TYPE/>
    <POS_GROUP>R0005050</POS_GROUP>
    <EMP_TYPE/>
    <LOCATION_CODE>00000900</LOCATION_CODE>
    <DESCR>MANAGER</DESCR>
    <SHORT_DESCR/>
	<SOC_SEC_NUM>987-65-4321</SOC_SEC_NUM>
</PAY_HISTHDR-ROW>
<PAY_HISTHDR-ROW>
    <PERSON_ID>42</PERSON_ID>
    <EMPNO>000004555</EMPNO>
    <FIRST_NAME>KRISTINA</FIRST_NAME>
    <MIDDLE_NAME>P</MIDDLE_NAME>
    <LAST_NAME>CHANG</LAST_NAME>
    <SEX>F</SEX>
    <BIRTH_DATE>1981-04-02T00:00:00.000000000</BIRTH_DATE>
    <POS_TYPE/>
    <POS_GROUP>R0045579</POS_GROUP>
    <EMP_TYPE/>
    <LOCATION_CODE>00000333</LOCATION_CODE>
    <DESCR>ASSISTANT MANAGER</DESCR>
    <SHORT_DESCR/>
	<SOC_SEC_NUM>876-54-3219</SOC_SEC_NUM>
</PAY_HISTHDR-ROW>
<PAY_HISTHDR-ROW>
    <PERSON_ID>43</PERSON_ID>
    <EMPNO>000004556</EMPNO>
    <FIRST_NAME>CRYSTAL</FIRST_NAME>
    <MIDDLE_NAME>G</MIDDLE_NAME>
    <LAST_NAME>POWERS</LAST_NAME>
    <SEX>F</SEX>
    <BIRTH_DATE>1968-10-09T00:00:00.000000000</BIRTH_DATE>
    <POS_TYPE/>
    <POS_GROUP>R0045579</POS_GROUP>
    <EMP_TYPE/>
    <LOCATION_CODE>00000333</LOCATION_CODE>
    <DESCR>MANAGER</DESCR>
    <SHORT_DESCR/>
	<SOC_SEC_NUM>765-43-2198</SOC_SEC_NUM>
</PAY_HISTHDR-ROW>
<PAY_HISTHDR-ROW>
    <PERSON_ID>44</PERSON_ID>
    <EMPNO>000004557</EMPNO>
    <FIRST_NAME>MARCIA</FIRST_NAME>
    <MIDDLE_NAME>Z</MIDDLE_NAME>
    <LAST_NAME>WALSH</LAST_NAME>
    <SEX>F</SEX>
    <BIRTH_DATE>1971-10-07T00:00:00.000000000</BIRTH_DATE>
    <POS_TYPE/>
    <POS_GROUP>R0045579</POS_GROUP>
    <EMP_TYPE/>
    <LOCATION_CODE>00000333</LOCATION_CODE>
    <DESCR>CLERK</DESCR>
    <SHORT_DESCR/>
	<SOC_SEC_NUM>654-32-1987</SOC_SEC_NUM>
</PAY_HISTHDR-ROW>
<PAY_HISTHDR-ROW>
    <PERSON_ID>45</PERSON_ID>
    <EMPNO>000004558</EMPNO>
    <FIRST_NAME>NEAL</FIRST_NAME>
    <MIDDLE_NAME>D</MIDDLE_NAME>
    <LAST_NAME>SONG</LAST_NAME>
    <SEX>M</SEX>
    <BIRTH_DATE>1980-02-07T00:00:00.000000000</BIRTH_DATE>
    <POS_TYPE/>
    <POS_GROUP>R0045579</POS_GROUP>
    <EMP_TYPE/>
    <LOCATION_CODE>00000333</LOCATION_CODE>
    <DESCR>CASHIER</DESCR>
    <SHORT_DESCR/>
	<SOC_SEC_NUM>432-19-8765</SOC_SEC_NUM>
</PAY_HISTHDR-ROW>
<PAY_HISTHDR-ROW>
    <PERSON_ID>46</PERSON_ID>
    <EMPNO>000004559</EMPNO>
    <FIRST_NAME>JEROME</FIRST_NAME>
    <MIDDLE_NAME>S</MIDDLE_NAME>
    <LAST_NAME>STEELE</LAST_NAME>
    <SEX>M</SEX>
    <BIRTH_DATE>1945-03-08T00:00:00.000000000</BIRTH_DATE>
    <POS_TYPE/>
    <POS_GROUP>R0045579</POS_GROUP>
    <EMP_TYPE/>
    <LOCATION_CODE>00000333</LOCATION_CODE>
    <DESCR>BUTCHER</DESCR>
    <SHORT_DESCR/>
	<SOC_SEC_NUM>321-98-7654</SOC_SEC_NUM>
</PAY_HISTHDR-ROW>
<PAY_HISTHDR-ROW>
    <PERSON_ID>47</PERSON_ID>
    <EMPNO>000004560</EMPNO>
    <FIRST_NAME>DARLENE</FIRST_NAME>
    <MIDDLE_NAME>X</MIDDLE_NAME>
    <LAST_NAME>WOODS</LAST_NAME>
    <SEX>F</SEX>
    <BIRTH_DATE>1957-03-10T00:00:00.000000000</BIRTH_DATE>
    <POS_TYPE/>
    <POS_GROUP>R0078001</POS_GROUP>
    <EMP_TYPE/>
    <LOCATION_CODE>00000900</LOCATION_CODE>
    <DESCR>RECEIVING CLERK</DESCR>
    <SHORT_DESCR/>
	<SOC_SEC_NUM>219-87-6543</SOC_SEC_NUM>
</PAY_HISTHDR-ROW>
<PAY_HISTHDR-ROW>
    <PERSON_ID>48</PERSON_ID>
    <EMPNO>000004561</EMPNO>
    <FIRST_NAME>DONALD</FIRST_NAME>
    <MIDDLE_NAME>F</MIDDLE_NAME>
    <LAST_NAME>CORELLI</LAST_NAME>
    <SEX>M</SEX>
    <BIRTH_DATE>1973-01-27T00:00:00.000000000</BIRTH_DATE>
    <POS_TYPE/>
    <POS_GROUP>R0078001</POS_GROUP>
    <EMP_TYPE/>
    <LOCATION_CODE>00000900</LOCATION_CODE>
    <DESCR>SHIPPING CLERK</DESCR>
    <SHORT_DESCR/>
	<SOC_SEC_NUM>198-76-5432</SOC_SEC_NUM>
</PAY_HISTHDR-ROW>
<PAY_HISTHDR-ROW>
    <PERSON_ID>49</PERSON_ID>
    <EMPNO>000004562</EMPNO>
    <FIRST_NAME>SHIRLEY</FIRST_NAME>
    <MIDDLE_NAME>D</MIDDLE_NAME>
    <LAST_NAME>CHEN</LAST_NAME>
    <SEX>M</SEX>
    <BIRTH_DATE>1976-04-27T00:00:00.000000000</BIRTH_DATE>
    <POS_TYPE/>
    <POS_GROUP>R0078002</POS_GROUP>
    <EMP_TYPE/>
    <LOCATION_CODE>00000900</LOCATION_CODE>
    <DESCR>SHIPPING CLERK</DESCR>
    <SHORT_DESCR/>
	<SOC_SEC_NUM>321-54-9876</SOC_SEC_NUM>
</PAY_HISTHDR-ROW>
<PAY_HISTHDR-ROW>
    <PERSON_ID>50</PERSON_ID>
    <EMPNO>000004563</EMPNO>
    <FIRST_NAME>WILLIAM</FIRST_NAME>
    <MIDDLE_NAME>E</MIDDLE_NAME>
    <LAST_NAME>HALL</LAST_NAME>
    <SEX>M</SEX>
    <BIRTH_DATE>1970-01-21T00:00:00.000000000</BIRTH_DATE>
    <POS_TYPE/>
    <POS_GROUP>R0078002</POS_GROUP>
    <EMP_TYPE/>
    <LOCATION_CODE>00000900</LOCATION_CODE>
    <DESCR>SHIPPING CLERK</DESCR>
    <SHORT_DESCR/>
	<SOC_SEC_NUM>456-98-1234</SOC_SEC_NUM>
</PAY_HISTHDR-ROW>
<PAY_HISTHDR-ROW>
    <PERSON_ID>51</PERSON_ID>
    <EMPNO>000004564</EMPNO>
    <FIRST_NAME>HARVEY</FIRST_NAME>
    <MIDDLE_NAME>J</MIDDLE_NAME>
    <LAST_NAME>PEABODY</LAST_NAME>
    <SEX>M</SEX>
    <BIRTH_DATE>1962-05-12T00:00:00.000000000</BIRTH_DATE>
    <POS_TYPE/>
    <POS_GROUP>R0078002</POS_GROUP>
    <EMP_TYPE/>
    <LOCATION_CODE>00000900</LOCATION_CODE>
    <DESCR>MANAGER</DESCR>
    <SHORT_DESCR/>
	<SOC_SEC_NUM>444-52-2223</SOC_SEC_NUM>
</PAY_HISTHDR-ROW>
<PAY_HISTHDR-ROW>
    <PERSON_ID>52</PERSON_ID>
    <EMPNO>000004565</EMPNO>
    <FIRST_NAME>JUDITH</FIRST_NAME>
    <MIDDLE_NAME>J</MIDDLE_NAME>
    <LAST_NAME>CROSS</LAST_NAME>
    <SEX>F</SEX>
    <BIRTH_DATE>1960-07-22T00:00:00.000000000</BIRTH_DATE>
    <POS_TYPE/>
    <POS_GROUP>R0078002</POS_GROUP>
    <EMP_TYPE/>
    <LOCATION_CODE>00000900</LOCATION_CODE>
    <DESCR>VICE PRESIDENT</DESCR>
    <SHORT_DESCR/>
	<SOC_SEC_NUM>455-67-5556</SOC_SEC_NUM>
</PAY_HISTHDR-ROW>
<PAY_HISTHDR-ROW>
    <PERSON_ID>53</PERSON_ID>
    <EMPNO>000004566</EMPNO>
    <FIRST_NAME>CHIP</FIRST_NAME>
    <MIDDLE_NAME>T</MIDDLE_NAME>
    <LAST_NAME>HOLMES</LAST_NAME>
    <SEX>M</SEX>
    <BIRTH_DATE>1978-07-22T00:00:00.000000000</BIRTH_DATE>
    <POS_TYPE/>
    <POS_GROUP>R0078002</POS_GROUP>
    <EMP_TYPE/>
    <LOCATION_CODE>00000900</LOCATION_CODE>
    <DESCR>EXECUTIVE ASSISTANT</DESCR>
    <SHORT_DESCR/>
	<SOC_SEC_NUM>141-12-1313</SOC_SEC_NUM>
</PAY_HISTHDR-ROW>
<PAY_HISTHDR-ROW>
    <PERSON_ID>54</PERSON_ID>
    <EMPNO>000004567</EMPNO>
    <FIRST_NAME>GARY</FIRST_NAME>
    <MIDDLE_NAME>T</MIDDLE_NAME>
    <LAST_NAME>WILKS</LAST_NAME>
    <SEX>M</SEX>
    <BIRTH_DATE>1979-03-23T00:00:00.000000000</BIRTH_DATE>
    <POS_TYPE/>
    <POS_GROUP>R0078002</POS_GROUP>
    <EMP_TYPE/>
    <LOCATION_CODE>00000900</LOCATION_CODE>
    <DESCR>MACHINIST</DESCR>
    <SHORT_DESCR/>
	<SOC_SEC_NUM>414-21-3131</SOC_SEC_NUM>
</PAY_HISTHDR-ROW>
<PAY_HISTHDR-ROW>
    <PERSON_ID>55</PERSON_ID>
    <EMPNO>000026069</EMPNO>
    <FIRST_NAME>FRANKLIN</FIRST_NAME>
    <MIDDLE_NAME>B</MIDDLE_NAME>
    <LAST_NAME>ZELLER</LAST_NAME>
    <SEX>M</SEX>
    <BIRTH_DATE>1975-09-07T00:00:00.000000000</BIRTH_DATE>
    <POS_TYPE/>
    <POS_GROUP>R0045579</POS_GROUP>
    <EMP_TYPE/>
    <LOCATION_CODE>00000333</LOCATION_CODE>
    <DESCR>CASHIER</DESCR>
    <SHORT_DESCR/>
	<SOC_SEC_NUM>543-21-9876</SOC_SEC_NUM>
</PAY_HISTHDR-ROW>
</PAY_HISTHDR>