<?xml version="1.0" encoding="ISO-8859-1"?>
<PAY_HISTDTL>
<PAY_HISTDTL-ROW>
    <PERSON_ID>32</PERSON_ID>
    <PH_ID>20583057</PH_ID>
    <CHARGE_SEQ>1</CHARGE_SEQ>
    <EMPNO>000004545</EMPNO>
    <COMPANY>ALB</COMPANY>
    <POS_GROUP>R0000010</POS_GROUP>
    <ADDR_LINE1>2800 SOUTH EASTERN</ADDR_LINE1>
    <ADDR_LINE2/>
    <ADDR_LINE3/>
    <ADDR_LINE4/>
    <CITY>LAS VEGAS</CITY>
    <STATE>NV</STATE>
    <ZIP>89109</ZIP>
    <CHECK_DATE>1999-07-14T00:00:00.000000000</CHECK_DATE>
    <CHECK_NO>2184455</CHECK_NO>
    <PAY_PERIOD_END>1999-07-11T00:00:00.000000000</PAY_PERIOD_END>
    <CODE>01</CODE>
    <HOURS>7.75</HOURS>
    <CHARGE_AMOUNT>113.43</CHARGE_AMOUNT>
    <CHARGE_DATE>1999-07-05T00:00:00.000000000</CHARGE_DATE>
    <RATE>14.6320</RATE>
</PAY_HISTDTL-ROW>    
<PAY_HISTDTL-ROW>
    <PERSON_ID>32</PERSON_ID>
    <PH_ID>20583057</PH_ID>
    <CHARGE_SEQ>1</CHARGE_SEQ>
    <EMPNO>000004545</EMPNO>
    <COMPANY>ALB</COMPANY>
    <POS_GROUP>R0000010</POS_GROUP>
    <ADDR_LINE1>2800 SOUTH EASTERN</ADDR_LINE1>
    <ADDR_LINE2/>
    <ADDR_LINE3/>
    <ADDR_LINE4/>
    <CITY>LAS VEGAS</CITY>
    <STATE>NV</STATE>
    <ZIP>89109</ZIP>
    <CHECK_DATE>1999-07-28T00:00:00.000000000</CHECK_DATE>
    <CHECK_NO>2184455</CHECK_NO>
    <PAY_PERIOD_END>1999-07-25T00:00:00.000000000</PAY_PERIOD_END>
    <CODE>01</CODE>
    <HOURS>7.75</HOURS>
    <CHARGE_AMOUNT>113.43</CHARGE_AMOUNT>
    <CHARGE_DATE>1999-07-19T00:00:00.000000000</CHARGE_DATE>
    <RATE>14.6320</RATE>
</PAY_HISTDTL-ROW> 
<PAY_HISTDTL-ROW>
    <PERSON_ID>32</PERSON_ID>
    <PH_ID>20583057</PH_ID>
    <CHARGE_SEQ>1</CHARGE_SEQ>
    <EMPNO>000004545</EMPNO>
    <COMPANY>ALB</COMPANY>
    <POS_GROUP>R0000010</POS_GROUP>
    <ADDR_LINE1>2800 SOUTH EASTERN</ADDR_LINE1>
    <ADDR_LINE2/>
    <ADDR_LINE3/>
    <ADDR_LINE4/>
    <CITY>LAS VEGAS</CITY>
    <STATE>NV</STATE>
    <ZIP>89109</ZIP>
    <CHECK_DATE>1999-08-13T00:00:00.000000000</CHECK_DATE>
    <CHECK_NO>2184455</CHECK_NO>
    <PAY_PERIOD_END>1999-08-10T00:00:00.000000000</PAY_PERIOD_END>
    <CODE>01</CODE>
    <HOURS>7.75</HOURS>
    <CHARGE_AMOUNT>113.43</CHARGE_AMOUNT>
    <CHARGE_DATE>1999-08-04T00:00:00.000000000</CHARGE_DATE>
    <RATE>14.6320</RATE>
</PAY_HISTDTL-ROW> 
<PAY_HISTDTL-ROW>
    <PERSON_ID>33</PERSON_ID>
    <PH_ID>20583057</PH_ID>
    <CHARGE_SEQ>2</CHARGE_SEQ>
    <EMPNO>000004546</EMPNO>
    <COMPANY>ALB</COMPANY>
    <POS_GROUP>R0000010</POS_GROUP>
    <ADDR_LINE1>45 ASPEN CT.</ADDR_LINE1>
    <ADDR_LINE2/>
    <ADDR_LINE3/>
    <ADDR_LINE4/>
    <CITY>NASHVILLE</CITY>
    <STATE>TN</STATE>
    <ZIP>20543</ZIP>
    <CHECK_DATE>1999-08-13T00:00:00.000000000</CHECK_DATE>
    <CHECK_NO>2184455</CHECK_NO>
    <PAY_PERIOD_END>1999-07-11T00:00:00.000000000</PAY_PERIOD_END>
    <CODE>01</CODE>
    <HOURS>6.75</HOURS>
    <CHARGE_AMOUNT>98.76</CHARGE_AMOUNT>
    <CHARGE_DATE>1999-08-12T00:00:00.000000000</CHARGE_DATE>
    <RATE>14.6320</RATE>
</PAY_HISTDTL-ROW>
<PAY_HISTDTL-ROW>
    <PERSON_ID>34</PERSON_ID>
    <PH_ID>20583057</PH_ID>
    <CHARGE_SEQ>3</CHARGE_SEQ>
    <EMPNO>000004547</EMPNO>
    <COMPANY>ALB</COMPANY>
    <POS_GROUP>R0000010</POS_GROUP>
    <ADDR_LINE1>1724 19TH AVE.</ADDR_LINE1>
    <ADDR_LINE2/>
    <ADDR_LINE3/>
    <ADDR_LINE4/>
    <CITY>NEW BRAUNFELS</CITY>
    <STATE>TX</STATE>
    <ZIP>781320000</ZIP>
    <CHECK_DATE>1999-07-14T00:00:00.000000000</CHECK_DATE>
    <CHECK_NO>2184455</CHECK_NO>
    <PAY_PERIOD_END>1999-07-11T00:00:00.000000000</PAY_PERIOD_END>
    <CODE>01</CODE>
    <HOURS>9.00</HOURS>
    <CHARGE_AMOUNT>131.68</CHARGE_AMOUNT>
    <CHARGE_DATE>1999-07-07T00:00:00.000000000</CHARGE_DATE>
    <RATE>14.6320</RATE>
</PAY_HISTDTL-ROW>
<PAY_HISTDTL-ROW>
    <PERSON_ID>35</PERSON_ID>
    <PH_ID>20583057</PH_ID>
    <CHARGE_SEQ>4</CHARGE_SEQ>
    <EMPNO>000004548</EMPNO>
    <COMPANY>ALB</COMPANY>
    <POS_GROUP>R0000010</POS_GROUP>
    <ADDR_LINE1>1801 NAVAJO ROAD</ADDR_LINE1>
    <ADDR_LINE2/>
    <ADDR_LINE3/>
    <ADDR_LINE4/>
    <CITY>YUMA</CITY>
    <STATE>AZ</STATE>
    <ZIP>89180</ZIP>
    <CHECK_DATE>1999-07-14T00:00:00.000000000</CHECK_DATE>
    <CHECK_NO>2184455</CHECK_NO>
    <PAY_PERIOD_END>1999-07-11T00:00:00.000000000</PAY_PERIOD_END>
    <CODE>01</CODE>
    <HOURS>4.00</HOURS>
    <CHARGE_AMOUNT>58.52</CHARGE_AMOUNT>
    <CHARGE_DATE>1999-07-08T00:00:00.000000000</CHARGE_DATE>
    <RATE>14.6320</RATE>
</PAY_HISTDTL-ROW>
<PAY_HISTDTL-ROW>
    <PERSON_ID>36</PERSON_ID>
    <PH_ID>20583057</PH_ID>
    <CHARGE_SEQ>5</CHARGE_SEQ>
    <EMPNO>000004549</EMPNO>
    <COMPANY>ALB</COMPANY>
    <POS_GROUP>R0000010</POS_GROUP>
    <ADDR_LINE1>2800 SOUTH EASTERN</ADDR_LINE1>
    <ADDR_LINE2/>
    <ADDR_LINE3/>
    <ADDR_LINE4/>
    <CITY>LAS VEGAS</CITY>
    <STATE>NV</STATE>
    <ZIP>89109</ZIP>
    <CHECK_DATE>1999-07-14T00:00:00.000000000</CHECK_DATE>
    <CHECK_NO>2184455</CHECK_NO>
    <PAY_PERIOD_END>1999-07-11T00:00:00.000000000</PAY_PERIOD_END>
    <CODE>01</CODE>
    <HOURS>7.75</HOURS>
    <CHARGE_AMOUNT>113.39</CHARGE_AMOUNT>
    <CHARGE_DATE>1999-07-09T00:00:00.000000000</CHARGE_DATE>
    <RATE>14.6320</RATE>
</PAY_HISTDTL-ROW>
<PAY_HISTDTL-ROW>
    <PERSON_ID>37</PERSON_ID>
    <PH_ID>20583057</PH_ID>
    <CHARGE_SEQ>6</CHARGE_SEQ>
    <EMPNO>000004550</EMPNO>
    <COMPANY>ALB</COMPANY>
    <POS_GROUP>R0000444</POS_GROUP>
    <ADDR_LINE1>45 ASPEN CT</ADDR_LINE1>
    <ADDR_LINE2/>
    <ADDR_LINE3/>
    <ADDR_LINE4/>
    <CITY>NASHVILLE</CITY>
    <STATE>TN</STATE>
    <ZIP>20543</ZIP>
    <CHECK_DATE>1999-07-14T00:00:00.000000000</CHECK_DATE>
    <CHECK_NO>2184455</CHECK_NO>
    <PAY_PERIOD_END>1999-07-11T00:00:00.000000000</PAY_PERIOD_END>
    <CODE>01</CODE>
    <HOURS>7.25</HOURS>
    <CHARGE_AMOUNT>106.08</CHARGE_AMOUNT>
    <CHARGE_DATE>1999-07-11T00:00:00.000000000</CHARGE_DATE>
    <RATE>14.6320</RATE>
</PAY_HISTDTL-ROW>
<PAY_HISTDTL-ROW>
    <PERSON_ID>38</PERSON_ID>
    <PH_ID>20583057</PH_ID>
    <CHARGE_SEQ>7</CHARGE_SEQ>
    <EMPNO>000004551</EMPNO>
    <COMPANY>ALB</COMPANY>
    <POS_GROUP>R0000444</POS_GROUP>
    <ADDR_LINE1>1724 19TH AVE.</ADDR_LINE1>
    <ADDR_LINE2/>
    <ADDR_LINE3/>
    <ADDR_LINE4/>
    <CITY>NEW BRAUNFELS</CITY>
    <STATE>TX</STATE>
    <ZIP>781320000</ZIP>
    <CHECK_DATE>1999-07-14T00:00:00.000000000</CHECK_DATE>
    <CHECK_NO>2184455</CHECK_NO>
    <PAY_PERIOD_END>1999-07-11T00:00:00.000000000</PAY_PERIOD_END>
    <CODE>OT-REG</CODE>
    <HOURS>2.50</HOURS>
    <CHARGE_AMOUNT>18.29</CHARGE_AMOUNT>
    <CHARGE_DATE>1999-07-11T00:00:00.000000000</CHARGE_DATE>
    <RATE>14.6320</RATE>
</PAY_HISTDTL-ROW>
<PAY_HISTDTL-ROW>
    <PERSON_ID>39</PERSON_ID>
    <PH_ID>20583057</PH_ID>
    <CHARGE_SEQ>8</CHARGE_SEQ>
    <EMPNO>000004552</EMPNO>
    <COMPANY>ALB</COMPANY>
    <POS_GROUP>R0000454</POS_GROUP>
    <ADDR_LINE1>1801 NAVAJO ROAD</ADDR_LINE1>
    <ADDR_LINE2/>
    <ADDR_LINE3/>
    <ADDR_LINE4/>
    <CITY>YUMA</CITY>
    <STATE>AZ</STATE>
    <ZIP>89180</ZIP>
    <CHECK_DATE>1999-07-14T00:00:00.000000000</CHECK_DATE>
    <CHECK_NO>2184455</CHECK_NO>
    <PAY_PERIOD_END>1999-07-11T00:00:00.000000000</PAY_PERIOD_END>
    <CODE>PREM</CODE>
    <HOURS>0.00</HOURS>
    <CHARGE_AMOUNT>17.76</CHARGE_AMOUNT>
    <CHARGE_DATE>1999-07-11T00:00:00.000000000</CHARGE_DATE>
    <RATE>14.6320</RATE>
</PAY_HISTDTL-ROW>
<PAY_HISTDTL-ROW>
    <PERSON_ID>40</PERSON_ID>
    <PH_ID>20583058</PH_ID>
    <CHARGE_SEQ>1</CHARGE_SEQ>
    <EMPNO>000004553</EMPNO>
    <COMPANY>ALB</COMPANY>
    <POS_GROUP>W0000822</POS_GROUP>
    <ADDR_LINE1>2800 SOUTH EASTERN</ADDR_LINE1>
    <ADDR_LINE2/>
    <ADDR_LINE3/>
    <ADDR_LINE4/>
    <CITY>LAS VEGAS</CITY>
    <STATE>NV</STATE>
    <ZIP>89109</ZIP>
    <CHECK_DATE>1999-07-14T00:00:00.000000000</CHECK_DATE>
    <CHECK_NO>2147309</CHECK_NO>
    <PAY_PERIOD_END>1999-07-10T00:00:00.000000000</PAY_PERIOD_END>
    <CODE>01</CODE>
    <HOURS>10.25</HOURS>
    <CHARGE_AMOUNT>157.44</CHARGE_AMOUNT>
    <CHARGE_DATE>1999-07-06T00:00:00.000000000</CHARGE_DATE>
    <RATE>15.3600</RATE>
</PAY_HISTDTL-ROW>
<PAY_HISTDTL-ROW>
    <PERSON_ID>41</PERSON_ID>
    <PH_ID>20583058</PH_ID>
    <CHARGE_SEQ>2</CHARGE_SEQ>
    <EMPNO>000004554</EMPNO>
    <COMPANY>ALB</COMPANY>
    <POS_GROUP>R0005050</POS_GROUP>
    <ADDR_LINE1>45 ASPEN CT.</ADDR_LINE1>
    <ADDR_LINE2/>
    <ADDR_LINE3/>
    <ADDR_LINE4/>
    <CITY>NASHVILLE</CITY>
    <STATE>TN</STATE>
    <ZIP>20543</ZIP>
    <CHECK_DATE>1999-07-14T00:00:00.000000000</CHECK_DATE>
    <CHECK_NO>2147309</CHECK_NO>
    <PAY_PERIOD_END>1999-07-10T00:00:00.000000000</PAY_PERIOD_END>
    <CODE>01</CODE>
    <HOURS>10.50</HOURS>
    <CHARGE_AMOUNT>161.28</CHARGE_AMOUNT>
    <CHARGE_DATE>1999-07-07T00:00:00.000000000</CHARGE_DATE>
    <RATE>15.3600</RATE>
</PAY_HISTDTL-ROW>
<PAY_HISTDTL-ROW>
    <PERSON_ID>42</PERSON_ID>
    <PH_ID>20583058</PH_ID>
    <CHARGE_SEQ>3</CHARGE_SEQ>
    <EMPNO>000004555</EMPNO>
    <COMPANY>ALB</COMPANY>
    <POS_GROUP>R0045579</POS_GROUP>
    <ADDR_LINE1>1724 19TH AVE.</ADDR_LINE1>
    <ADDR_LINE2/>
    <ADDR_LINE3/>
    <ADDR_LINE4/>
    <CITY>NEW BRAUNFELS</CITY>
    <STATE>TX</STATE>
    <ZIP>781320000</ZIP>
    <CHECK_DATE>1999-07-14T00:00:00.000000000</CHECK_DATE>
    <CHECK_NO>2147309</CHECK_NO>
    <PAY_PERIOD_END>1999-07-10T00:00:00.000000000</PAY_PERIOD_END>
    <CODE>01</CODE>
    <HOURS>9.25</HOURS>
    <CHARGE_AMOUNT>142.08</CHARGE_AMOUNT>
    <CHARGE_DATE>1999-07-08T00:00:00.000000000</CHARGE_DATE>
    <RATE>15.3600</RATE>
</PAY_HISTDTL-ROW>
<PAY_HISTDTL-ROW>
    <PERSON_ID>43</PERSON_ID>
    <PH_ID>20583058</PH_ID>
    <CHARGE_SEQ>4</CHARGE_SEQ>
    <EMPNO>000004556</EMPNO>
    <COMPANY>ALB</COMPANY>
    <POS_GROUP>R0045579</POS_GROUP>
    <ADDR_LINE1>1801 NAVAJO ROAD</ADDR_LINE1>
    <ADDR_LINE2/>
    <ADDR_LINE3/>
    <ADDR_LINE4/>
    <CITY>YUMA</CITY>
    <STATE>AZ</STATE>
    <ZIP>89180</ZIP>
    <CHECK_DATE>1999-07-14T00:00:00.000000000</CHECK_DATE>
    <CHECK_NO>2147309</CHECK_NO>
    <PAY_PERIOD_END>1999-07-10T00:00:00.000000000</PAY_PERIOD_END>
    <CODE>01</CODE>
    <HOURS>9.50</HOURS>
    <CHARGE_AMOUNT>145.92</CHARGE_AMOUNT>
    <CHARGE_DATE>1999-07-09T00:00:00.000000000</CHARGE_DATE>
    <RATE>15.3600</RATE>
</PAY_HISTDTL-ROW>
<PAY_HISTDTL-ROW>
    <PERSON_ID>44</PERSON_ID>
    <PH_ID>20583058</PH_ID>
    <CHARGE_SEQ>5</CHARGE_SEQ>
    <EMPNO>000004557</EMPNO>
    <COMPANY>ALB</COMPANY>
    <POS_GROUP>R0045579</POS_GROUP>
    <ADDR_LINE1>2800 SOUTH EASTERN</ADDR_LINE1>
    <ADDR_LINE2/>
    <ADDR_LINE3/>
    <ADDR_LINE4/>
    <CITY>LAS VEGAS</CITY>
    <STATE>NV</STATE>
    <ZIP>89109</ZIP>
    <CHECK_DATE>1999-07-14T00:00:00.000000000</CHECK_DATE>
    <CHECK_NO>2147309</CHECK_NO>
    <PAY_PERIOD_END>1999-07-10T00:00:00.000000000</PAY_PERIOD_END>
    <CODE>05</CODE>
    <HOURS>8.00</HOURS>
    <CHARGE_AMOUNT>122.88</CHARGE_AMOUNT>
    <CHARGE_DATE>1999-07-05T00:00:00.000000000</CHARGE_DATE>
    <RATE>15.3600</RATE>
</PAY_HISTDTL-ROW>
<PAY_HISTDTL-ROW>
    <PERSON_ID>45</PERSON_ID>
    <PH_ID>20583058</PH_ID>
    <CHARGE_SEQ>6</CHARGE_SEQ>
    <EMPNO>000004558</EMPNO>
    <COMPANY>ALB</COMPANY>
    <POS_GROUP>R0045579</POS_GROUP>
    <ADDR_LINE1>1724 19TH AVE.</ADDR_LINE1>
    <ADDR_LINE2/>
    <ADDR_LINE3/>
    <ADDR_LINE4/>
    <CITY>NEW BRAUNFELS</CITY>
    <STATE>TX</STATE>
    <ZIP>781320000</ZIP>
    <CHECK_DATE>1999-07-14T00:00:00.000000000</CHECK_DATE>
    <CHECK_NO>2147309</CHECK_NO>
    <PAY_PERIOD_END>1999-07-10T00:00:00.000000000</PAY_PERIOD_END>
    <CODE>OT-REG</CODE>
    <HOURS>7.50</HOURS>
    <CHARGE_AMOUNT>57.60</CHARGE_AMOUNT>
    <CHARGE_DATE>1999-07-10T00:00:00.000000000</CHARGE_DATE>
    <RATE>15.3600</RATE>
</PAY_HISTDTL-ROW>
<PAY_HISTDTL-ROW>
    <PERSON_ID>46</PERSON_ID>
    <PH_ID>20583059</PH_ID>
    <CHARGE_SEQ>1</CHARGE_SEQ>
    <EMPNO>000004559</EMPNO>
    <COMPANY>ALB</COMPANY>
    <POS_GROUP>R0045579</POS_GROUP>
    <ADDR_LINE1>1801 NAVAJO ROAD</ADDR_LINE1>
    <ADDR_LINE2/>
    <ADDR_LINE3/>
    <ADDR_LINE4/>
    <CITY>YUMA</CITY>
    <STATE>AZ</STATE>
    <ZIP>89180</ZIP>
    <CHECK_DATE>1999-07-14T00:00:00.000000000</CHECK_DATE>
    <CHECK_NO>2145092</CHECK_NO>
    <PAY_PERIOD_END>1999-07-10T00:00:00.000000000</PAY_PERIOD_END>
    <CODE>01</CODE>
    <HOURS>8.25</HOURS>
    <CHARGE_AMOUNT>136.42</CHARGE_AMOUNT>
    <CHARGE_DATE>1999-07-05T00:00:00.000000000</CHARGE_DATE>
    <RATE>16.5340</RATE>
</PAY_HISTDTL-ROW>
<PAY_HISTDTL-ROW>
    <PERSON_ID>47</PERSON_ID>
    <PH_ID>20583059</PH_ID>
    <CHARGE_SEQ>2</CHARGE_SEQ>
    <EMPNO>000004560</EMPNO>
    <COMPANY>ALB</COMPANY>
    <POS_GROUP>R0078001</POS_GROUP>
    <ADDR_LINE1>2800 SOUTH EASTERN</ADDR_LINE1>
    <ADDR_LINE2/>
    <ADDR_LINE3/>
    <ADDR_LINE4/>
    <CITY>LAS VEGAS</CITY>
    <STATE>NV</STATE>
    <ZIP>89109</ZIP>
    <CHECK_DATE>1999-07-14T00:00:00.000000000</CHECK_DATE>
    <CHECK_NO>2145092</CHECK_NO>
    <PAY_PERIOD_END>1999-07-10T00:00:00.000000000</PAY_PERIOD_END>
    <CODE>01</CODE>
    <HOURS>8.00</HOURS>
    <CHARGE_AMOUNT>132.27</CHARGE_AMOUNT>
    <CHARGE_DATE>1999-07-06T00:00:00.000000000</CHARGE_DATE>
    <RATE>16.5340</RATE>
</PAY_HISTDTL-ROW>
<PAY_HISTDTL-ROW>
    <PERSON_ID>48</PERSON_ID>
    <PH_ID>20583059</PH_ID>
    <CHARGE_SEQ>3</CHARGE_SEQ>
    <EMPNO>000004561</EMPNO>
    <COMPANY>ALB</COMPANY>
    <POS_GROUP>R0078001</POS_GROUP>
    <ADDR_LINE1>45 ASPEN CT.</ADDR_LINE1>
    <ADDR_LINE2/>
    <ADDR_LINE3/>
    <ADDR_LINE4/>
    <CITY>NASHVILLE</CITY>
    <STATE>TN</STATE>
    <ZIP>20543</ZIP>
    <CHECK_DATE>1999-07-14T00:00:00.000000000</CHECK_DATE>
    <CHECK_NO>2145092</CHECK_NO>
    <PAY_PERIOD_END>1999-07-10T00:00:00.000000000</PAY_PERIOD_END>
    <CODE>01</CODE>
    <HOURS>8.50</HOURS>
    <CHARGE_AMOUNT>140.53</CHARGE_AMOUNT>
    <CHARGE_DATE>1999-07-07T00:00:00.000000000</CHARGE_DATE>
    <RATE>16.5340</RATE>
</PAY_HISTDTL-ROW>
<PAY_HISTDTL-ROW>
    <PERSON_ID>49</PERSON_ID>
    <PH_ID>20583059</PH_ID>
    <CHARGE_SEQ>4</CHARGE_SEQ>
    <EMPNO>000004562</EMPNO>
    <COMPANY>ALB</COMPANY>
    <POS_GROUP>R0078002</POS_GROUP>
    <ADDR_LINE1>1724 19TH AVE.</ADDR_LINE1>
    <ADDR_LINE2/>
    <ADDR_LINE3/>
    <ADDR_LINE4/>
    <CITY>NEW BRAUNFELS</CITY>
    <STATE>TX</STATE>
    <ZIP>781320000</ZIP>
    <CHECK_DATE>1999-07-14T00:00:00.000000000</CHECK_DATE>
    <CHECK_NO>2145092</CHECK_NO>
    <PAY_PERIOD_END>1999-07-10T00:00:00.000000000</PAY_PERIOD_END>
    <CODE>01</CODE>
    <HOURS>8.00</HOURS>
    <CHARGE_AMOUNT>132.27</CHARGE_AMOUNT>
    <CHARGE_DATE>1999-07-08T00:00:00.000000000</CHARGE_DATE>
    <RATE>16.5340</RATE>
</PAY_HISTDTL-ROW>
<PAY_HISTDTL-ROW>
    <PERSON_ID>50</PERSON_ID>
    <PH_ID>20583059</PH_ID>
    <CHARGE_SEQ>5</CHARGE_SEQ>
    <EMPNO>000004563</EMPNO>
    <COMPANY>ALB</COMPANY>
    <POS_GROUP>R0078002</POS_GROUP>
    <ADDR_LINE1>1801 NAVAJO ROAD</ADDR_LINE1>
    <ADDR_LINE2/>
    <ADDR_LINE3/>
    <ADDR_LINE4/>
    <CITY>YUMA</CITY>
    <STATE>AZ</STATE>
    <ZIP>89180</ZIP>
    <CHECK_DATE>1999-07-14T00:00:00.000000000</CHECK_DATE>
    <CHECK_NO>2145092</CHECK_NO>
    <PAY_PERIOD_END>1999-07-10T00:00:00.000000000</PAY_PERIOD_END>
    <CODE>05</CODE>
    <HOURS>8.00</HOURS>
    <CHARGE_AMOUNT>132.27</CHARGE_AMOUNT>
    <CHARGE_DATE>1999-07-04T00:00:00.000000000</CHARGE_DATE>
    <RATE>16.5340</RATE>
</PAY_HISTDTL-ROW>
<PAY_HISTDTL-ROW>
    <PERSON_ID>51</PERSON_ID>
    <PH_ID>20583059</PH_ID>
    <CHARGE_SEQ>6</CHARGE_SEQ>
    <EMPNO>000004564</EMPNO>
    <COMPANY>ALB</COMPANY>
    <POS_GROUP>R0078002</POS_GROUP>
    <ADDR_LINE1>2800 SOUTH EASTERN</ADDR_LINE1>
    <ADDR_LINE2/>
    <ADDR_LINE3/>
    <ADDR_LINE4/>
    <CITY>LAS VEGAS</CITY>
    <STATE>NVCA</STATE>
    <ZIP>89109</ZIP>
    <CHECK_DATE>1999-07-14T00:00:00.000000000</CHECK_DATE>
    <CHECK_NO>2145092</CHECK_NO>
    <PAY_PERIOD_END>1999-07-10T00:00:00.000000000</PAY_PERIOD_END>
    <CODE>OT-REG</CODE>
    <HOURS>0.75</HOURS>
    <CHARGE_AMOUNT>6.20</CHARGE_AMOUNT>
    <CHARGE_DATE>1999-07-10T00:00:00.000000000</CHARGE_DATE>
    <RATE>16.5340</RATE>
</PAY_HISTDTL-ROW>
<PAY_HISTDTL-ROW>
    <PERSON_ID>52</PERSON_ID>
    <PH_ID>20583059</PH_ID>
    <CHARGE_SEQ>7</CHARGE_SEQ>
    <EMPNO>000004565</EMPNO>
    <COMPANY>ALB</COMPANY>
    <POS_GROUP>R0078002</POS_GROUP>
    <ADDR_LINE1>45 ASPEN CT.</ADDR_LINE1>
    <ADDR_LINE2/>
    <ADDR_LINE3/>
    <ADDR_LINE4/>
    <CITY>NASHVILLE</CITY>
    <STATE>TN</STATE>
    <ZIP>20543</ZIP>
    <CHECK_DATE>1999-07-14T00:00:00.000000000</CHECK_DATE>
    <CHECK_NO>2145092</CHECK_NO>
    <PAY_PERIOD_END>1999-07-10T00:00:00.000000000</PAY_PERIOD_END>
    <CODE>PREM</CODE>
    <HOURS>0.00</HOURS>
    <CHARGE_AMOUNT>3.00</CHARGE_AMOUNT>
    <CHARGE_DATE>1999-07-10T00:00:00.000000000</CHARGE_DATE>
    <RATE>16.5340</RATE>
</PAY_HISTDTL-ROW>
<PAY_HISTDTL-ROW>
    <PERSON_ID>53</PERSON_ID>
    <PH_ID>20583060</PH_ID>
    <CHARGE_SEQ>1</CHARGE_SEQ>
    <EMPNO>000004566</EMPNO>
    <COMPANY>ALB</COMPANY>
    <POS_GROUP>R0078002</POS_GROUP>
    <ADDR_LINE1>1724 19TH AVE.</ADDR_LINE1>
    <ADDR_LINE2/>
    <ADDR_LINE3/>
    <ADDR_LINE4/>
    <CITY>NEW BRAUNFELS</CITY>
    <STATE>TX</STATE>
    <ZIP>781320000</ZIP>
    <CHECK_DATE>1999-07-14T00:00:00.000000000</CHECK_DATE>
    <CHECK_NO>2115911</CHECK_NO>
    <PAY_PERIOD_END>1999-07-11T00:00:00.000000000</PAY_PERIOD_END>
    <CODE>01</CODE>
    <HOURS>4.00</HOURS>
    <CHARGE_AMOUNT>54.33</CHARGE_AMOUNT>
    <CHARGE_DATE>1999-07-05T00:00:00.000000000</CHARGE_DATE>
    <RATE>13.5800</RATE>
</PAY_HISTDTL-ROW>
<PAY_HISTDTL-ROW>
    <PERSON_ID>54</PERSON_ID>
    <PH_ID>20583060</PH_ID>
    <CHARGE_SEQ>2</CHARGE_SEQ>
    <EMPNO>000004567</EMPNO>
    <COMPANY>ALB</COMPANY>
    <POS_GROUP>R0078002</POS_GROUP>
    <ADDR_LINE1>1200 18TH ST.</ADDR_LINE1>
    <ADDR_LINE2/>
    <ADDR_LINE3/>
    <ADDR_LINE4/>
    <CITY>PASADENA</CITY>
    <STATE>CA</STATE>
    <ZIP>90209</ZIP>
    <CHECK_DATE>1999-07-14T00:00:00.000000000</CHECK_DATE>
    <CHECK_NO>2115911</CHECK_NO>
    <PAY_PERIOD_END>1999-07-11T00:00:00.000000000</PAY_PERIOD_END>
    <CODE>01</CODE>
    <HOURS>8.00</HOURS>
    <CHARGE_AMOUNT>108.64</CHARGE_AMOUNT>
    <CHARGE_DATE>1999-07-06T00:00:00.000000000</CHARGE_DATE>
    <RATE>13.5800</RATE>
</PAY_HISTDTL-ROW>
<PAY_HISTDTL-ROW>
    <PERSON_ID>55</PERSON_ID>
    <PH_ID>20583060</PH_ID>
    <CHARGE_SEQ>3</CHARGE_SEQ>
    <EMPNO>000026069</EMPNO>
    <COMPANY>ALB</COMPANY>
    <POS_GROUP>R0045579</POS_GROUP>
    <ADDR_LINE1>45 ASPEN CT.</ADDR_LINE1>
    <ADDR_LINE2/>
    <ADDR_LINE3/>
    <ADDR_LINE4/>
    <CITY>NASHVILLE</CITY>
    <STATE>TN</STATE>
    <ZIP>20543</ZIP>
    <CHECK_DATE>1999-07-14T00:00:00.000000000</CHECK_DATE>
    <CHECK_NO>2115911</CHECK_NO>
    <PAY_PERIOD_END>1999-07-11T00:00:00.000000000</PAY_PERIOD_END>
    <CODE>01</CODE>
    <HOURS>8.25</HOURS>
    <CHARGE_AMOUNT>112.03</CHARGE_AMOUNT>
    <CHARGE_DATE>1999-07-08T00:00:00.000000000</CHARGE_DATE>
    <RATE>13.5800</RATE>
</PAY_HISTDTL-ROW>
</PAY_HISTDTL>