<?xml version="1.0" encoding="ISO-8859-1"?>
<PERSON>
<PERSON-ROW>
    <PERSON_ID>32</PERSON_ID>
    <FIRST_NAME>JASON</FIRST_NAME>
    <LAST_NAME>VINCENT</LAST_NAME>
    <MIDDLE_NAME>X</MIDDLE_NAME>
    <AKA>JAY</AKA>
    <NAME_PREFIX/>
    <NAME_SUFFIX/>
    <SEX>M</SEX>
    <RACE>0</RACE>
    <EEO_TYPE/>
    <BIRTH_DATE>1970-12-11T00:00:00.000000000</BIRTH_DATE>
    <HEIGHT/>
    <WEIGHT/>
    <HEALTH/>
    <DISABILITY/>
    <MILITARY/>
    <CITIZENSHIP>USA</CITIZENSHIP>
    <CITZ_PROOF1/>
    <CITZ_PROOF2/>
    <CITZ_PROOF3/>
    <CITZ_STATUS1/>
    <CITZ_STATUS2/>
    <CITZ_STATUS3/>
    <MARITAL_STATUS>M</MARITAL_STATUS>
    <VISA_NUMBER/>
    <VISA_EXP_DATE/>
    <VISA_TYPE/>
    <VISA_COUNTRY_ISS/>
    <VISA_VALID_FROM/>
    <PASSPORT_NUMBER/>
    <PASSPORT_EXP_DATE/>
    <PASSPORT_COUNTRY/>
    <PASSPORT_VALID_FR/>
    <UPDATE_COUNTER></UPDATE_COUNTER>
    <PHOTOGRAPH/>
    <VISIBLE_MINORITY/>
</PERSON-ROW>
<PERSON-ROW>
    <PERSON_ID>33</PERSON_ID>
    <FIRST_NAME>STEVE</FIRST_NAME>
    <LAST_NAME>GRIFFIN</LAST_NAME>
    <MIDDLE_NAME>X</MIDDLE_NAME>
    <AKA></AKA>
    <NAME_PREFIX/>
    <NAME_SUFFIX/>
    <SEX>M</SEX>
    <RACE>0</RACE>
    <EEO_TYPE/>
    <BIRTH_DATE>1975-02-20T00:00:00.000000000</BIRTH_DATE>
    <HEIGHT/>
    <WEIGHT/>
    <HEALTH/>
    <DISABILITY/>
    <MILITARY/>
    <CITIZENSHIP>USA</CITIZENSHIP>
    <CITZ_PROOF1/>
    <CITZ_PROOF2/>
    <CITZ_PROOF3/>
    <CITZ_STATUS1/>
    <CITZ_STATUS2/>
    <CITZ_STATUS3/>
    <MARITAL_STATUS>M</MARITAL_STATUS>
    <VISA_NUMBER/>
    <VISA_EXP_DATE/>
    <VISA_TYPE/>
    <VISA_COUNTRY_ISS/>
    <VISA_VALID_FROM/>
    <PASSPORT_NUMBER/>
    <PASSPORT_EXP_DATE/>
    <PASSPORT_COUNTRY/>
    <PASSPORT_VALID_FR/>
    <UPDATE_COUNTER></UPDATE_COUNTER>
    <PHOTOGRAPH/>
    <VISIBLE_MINORITY/>
</PERSON-ROW>
<PERSON-ROW>
    <PERSON_ID>34</PERSON_ID>
    <FIRST_NAME>DOLORES</FIRST_NAME>
    <LAST_NAME>MCNAMARA</LAST_NAME>
    <MIDDLE_NAME>P</MIDDLE_NAME>
    <AKA></AKA>
    <NAME_PREFIX/>
    <NAME_SUFFIX/>
    <SEX>F</SEX>
    <RACE>0</RACE>
    <EEO_TYPE/>
    <BIRTH_DATE>1982-05-27T00:00:00.000000000</BIRTH_DATE>
    <HEIGHT/>
    <WEIGHT/>
    <HEALTH/>
    <DISABILITY/>
    <MILITARY/>
    <CITIZENSHIP>USA</CITIZENSHIP>
    <CITZ_PROOF1/>
    <CITZ_PROOF2/>
    <CITZ_PROOF3/>
    <CITZ_STATUS1/>
    <CITZ_STATUS2/>
    <CITZ_STATUS3/>
    <MARITAL_STATUS>S</MARITAL_STATUS>
    <VISA_NUMBER/>
    <VISA_EXP_DATE/>
    <VISA_TYPE/>
    <VISA_COUNTRY_ISS/>
    <VISA_VALID_FROM/>
    <PASSPORT_NUMBER/>
    <PASSPORT_EXP_DATE/>
    <PASSPORT_COUNTRY/>
    <PASSPORT_VALID_FR/>
    <UPDATE_COUNTER></UPDATE_COUNTER>
    <PHOTOGRAPH/>
    <VISIBLE_MINORITY/>
</PERSON-ROW>
<PERSON-ROW>
    <PERSON_ID>35</PERSON_ID>
    <FIRST_NAME>SANDY</FIRST_NAME>
    <LAST_NAME>HAMILTON</LAST_NAME>
    <MIDDLE_NAME>P</MIDDLE_NAME>
    <AKA></AKA>
    <NAME_PREFIX/>
    <NAME_SUFFIX/>
    <SEX>F</SEX>
    <RACE>4</RACE>
    <EEO_TYPE/>
    <BIRTH_DATE>1964-01-12T00:00:00.000000000</BIRTH_DATE>
    <HEIGHT/>
    <WEIGHT/>
    <HEALTH/>
    <DISABILITY/>
    <MILITARY/>
    <CITIZENSHIP>USA</CITIZENSHIP>
    <CITZ_PROOF1/>
    <CITZ_PROOF2/>
    <CITZ_PROOF3/>
    <CITZ_STATUS1/>
    <CITZ_STATUS2/>
    <CITZ_STATUS3/>
    <MARITAL_STATUS>M</MARITAL_STATUS>
    <VISA_NUMBER/>
    <VISA_EXP_DATE/>
    <VISA_TYPE/>
    <VISA_COUNTRY_ISS/>
    <VISA_VALID_FROM/>
    <PASSPORT_NUMBER/>
    <PASSPORT_EXP_DATE/>
    <PASSPORT_COUNTRY/>
    <PASSPORT_VALID_FR/>
    <UPDATE_COUNTER></UPDATE_COUNTER>
    <PHOTOGRAPH/>
    <VISIBLE_MINORITY/>
</PERSON-ROW>
<PERSON-ROW>
    <PERSON_ID>36</PERSON_ID>
    <FIRST_NAME>JEAN</FIRST_NAME>
    <LAST_NAME>PHILLIPS</LAST_NAME>
    <MIDDLE_NAME>P</MIDDLE_NAME>
    <AKA></AKA>
    <NAME_PREFIX/>
    <NAME_SUFFIX/>
    <SEX>F</SEX>
    <RACE>0</RACE>
    <EEO_TYPE/>
    <BIRTH_DATE>1977-05-12T00:00:00.000000000</BIRTH_DATE>
    <HEIGHT/>
    <WEIGHT/>
    <HEALTH/>
    <DISABILITY/>
    <MILITARY/>
    <CITIZENSHIP>USA</CITIZENSHIP>
    <CITZ_PROOF1/>
    <CITZ_PROOF2/>
    <CITZ_PROOF3/>
    <CITZ_STATUS1/>
    <CITZ_STATUS2/>
    <CITZ_STATUS3/>
    <MARITAL_STATUS>M</MARITAL_STATUS>
    <VISA_NUMBER/>
    <VISA_EXP_DATE/>
    <VISA_TYPE/>
    <VISA_COUNTRY_ISS/>
    <VISA_VALID_FROM/>
    <PASSPORT_NUMBER/>
    <PASSPORT_EXP_DATE/>
    <PASSPORT_COUNTRY/>
    <PASSPORT_VALID_FR/>
    <UPDATE_COUNTER></UPDATE_COUNTER>
    <PHOTOGRAPH/>
    <VISIBLE_MINORITY/>
</PERSON-ROW>
<PERSON-ROW>
    <PERSON_ID>37</PERSON_ID>
    <FIRST_NAME>RICHARD</FIRST_NAME>
    <LAST_NAME>GALLAGHER</LAST_NAME>
    <MIDDLE_NAME>R</MIDDLE_NAME>
    <AKA></AKA>
    <NAME_PREFIX/>
    <NAME_SUFFIX/>
    <SEX>F</SEX>
    <RACE>0</RACE>
    <EEO_TYPE/>
    <BIRTH_DATE>1965-06-17T00:00:00.000000000</BIRTH_DATE>
    <HEIGHT/>
    <WEIGHT/>
    <HEALTH/>
    <DISABILITY/>
    <MILITARY/>
    <CITIZENSHIP>USA</CITIZENSHIP>
    <CITZ_PROOF1/>
    <CITZ_PROOF2/>
    <CITZ_PROOF3/>
    <CITZ_STATUS1/>
    <CITZ_STATUS2/>
    <CITZ_STATUS3/>
    <MARITAL_STATUS>M</MARITAL_STATUS>
    <VISA_NUMBER/>
    <VISA_EXP_DATE/>
    <VISA_TYPE/>
    <VISA_COUNTRY_ISS/>
    <VISA_VALID_FROM/>
    <PASSPORT_NUMBER/>
    <PASSPORT_EXP_DATE/>
    <PASSPORT_COUNTRY/>
    <PASSPORT_VALID_FR/>
    <UPDATE_COUNTER></UPDATE_COUNTER>
    <PHOTOGRAPH/>
    <VISIBLE_MINORITY/>
</PERSON-ROW>
<PERSON-ROW>
    <PERSON_ID>38</PERSON_ID>
    <FIRST_NAME>MARIAN</FIRST_NAME>
    <LAST_NAME>DOUGHERTY</LAST_NAME>
    <MIDDLE_NAME>T</MIDDLE_NAME>
    <AKA></AKA>
    <NAME_PREFIX/>
    <NAME_SUFFIX/>
    <SEX>F</SEX>
    <RACE>0</RACE>
    <EEO_TYPE/>
    <BIRTH_DATE>1972-07-07T00:00:00.000000000</BIRTH_DATE>
    <HEIGHT/>
    <WEIGHT/>
    <HEALTH/>
    <DISABILITY/>
    <MILITARY/>
    <CITIZENSHIP>USA</CITIZENSHIP>
    <CITZ_PROOF1/>
    <CITZ_PROOF2/>
    <CITZ_PROOF3/>
    <CITZ_STATUS1/>
    <CITZ_STATUS2/>
    <CITZ_STATUS3/>
    <MARITAL_STATUS>S</MARITAL_STATUS>
    <VISA_NUMBER/>
    <VISA_EXP_DATE/>
    <VISA_TYPE/>
    <VISA_COUNTRY_ISS/>
    <VISA_VALID_FROM/>
    <PASSPORT_NUMBER/>
    <PASSPORT_EXP_DATE/>
    <PASSPORT_COUNTRY/>
    <PASSPORT_VALID_FR/>
    <UPDATE_COUNTER></UPDATE_COUNTER>
    <PHOTOGRAPH/>
    <VISIBLE_MINORITY/>
</PERSON-ROW>
<PERSON-ROW>
    <PERSON_ID>39</PERSON_ID>
    <FIRST_NAME>WANDA</FIRST_NAME>
    <LAST_NAME>WOODARD</LAST_NAME>
    <MIDDLE_NAME>M</MIDDLE_NAME>
    <AKA></AKA>
    <NAME_PREFIX/>
    <NAME_SUFFIX/>
    <SEX>F</SEX>
    <RACE>4</RACE>
    <EEO_TYPE/>
    <BIRTH_DATE>1973-12-01T00:00:00.000000000</BIRTH_DATE>
    <HEIGHT/>
    <WEIGHT/>
    <HEALTH/>
    <DISABILITY/>
    <MILITARY/>
    <CITIZENSHIP>USA</CITIZENSHIP>
    <CITZ_PROOF1/>
    <CITZ_PROOF2/>
    <CITZ_PROOF3/>
    <CITZ_STATUS1/>
    <CITZ_STATUS2/>
    <CITZ_STATUS3/>
    <MARITAL_STATUS>M</MARITAL_STATUS>
    <VISA_NUMBER/>
    <VISA_EXP_DATE/>
    <VISA_TYPE/>
    <VISA_COUNTRY_ISS/>
    <VISA_VALID_FROM/>
    <PASSPORT_NUMBER/>
    <PASSPORT_EXP_DATE/>
    <PASSPORT_COUNTRY/>
    <PASSPORT_VALID_FR/>
    <UPDATE_COUNTER></UPDATE_COUNTER>
    <PHOTOGRAPH/>
    <VISIBLE_MINORITY/>
</PERSON-ROW>
<PERSON-ROW>
    <PERSON_ID>40</PERSON_ID>
    <FIRST_NAME>SOLOMON</FIRST_NAME>
    <LAST_NAME>MOON</LAST_NAME>
    <MIDDLE_NAME>E</MIDDLE_NAME>
    <AKA></AKA>
    <NAME_PREFIX/>
    <NAME_SUFFIX/>
    <SEX>M</SEX>
    <RACE>0</RACE>
    <EEO_TYPE/>
    <BIRTH_DATE>1980-03-07T00:00:00.000000000</BIRTH_DATE>
    <HEIGHT/>
    <WEIGHT/>
    <HEALTH/>
    <DISABILITY/>
    <MILITARY/>
    <CITIZENSHIP>USA</CITIZENSHIP>
    <CITZ_PROOF1/>
    <CITZ_PROOF2/>
    <CITZ_PROOF3/>
    <CITZ_STATUS1/>
    <CITZ_STATUS2/>
    <CITZ_STATUS3/>
    <MARITAL_STATUS>M</MARITAL_STATUS>
    <VISA_NUMBER/>
    <VISA_EXP_DATE/>
    <VISA_TYPE/>
    <VISA_COUNTRY_ISS/>
    <VISA_VALID_FROM/>
    <PASSPORT_NUMBER/>
    <PASSPORT_EXP_DATE/>
    <PASSPORT_COUNTRY/>
    <PASSPORT_VALID_FR/>
    <UPDATE_COUNTER></UPDATE_COUNTER>
    <PHOTOGRAPH/>
    <VISIBLE_MINORITY/>
</PERSON-ROW>
<PERSON-ROW>
    <PERSON_ID>41</PERSON_ID>
    <FIRST_NAME>ALEXIS</FIRST_NAME>
    <LAST_NAME>PUCKETT</LAST_NAME>
    <MIDDLE_NAME>H</MIDDLE_NAME>
    <AKA></AKA>
    <NAME_PREFIX/>
    <NAME_SUFFIX/>
    <SEX>F</SEX>
    <RACE>0</RACE>
    <EEO_TYPE/>
    <BIRTH_DATE>1974-02-27T00:00:00.000000000</BIRTH_DATE>
    <HEIGHT/>
    <WEIGHT/>
    <HEALTH/>
    <DISABILITY/>
    <MILITARY/>
    <CITIZENSHIP>USA</CITIZENSHIP>
    <CITZ_PROOF1/>
    <CITZ_PROOF2/>
    <CITZ_PROOF3/>
    <CITZ_STATUS1/>
    <CITZ_STATUS2/>
    <CITZ_STATUS3/>
    <MARITAL_STATUS>M</MARITAL_STATUS>
    <VISA_NUMBER/>
    <VISA_EXP_DATE/>
    <VISA_TYPE/>
    <VISA_COUNTRY_ISS/>
    <VISA_VALID_FROM/>
    <PASSPORT_NUMBER/>
    <PASSPORT_EXP_DATE/>
    <PASSPORT_COUNTRY/>
    <PASSPORT_VALID_FR/>
    <UPDATE_COUNTER></UPDATE_COUNTER>
    <PHOTOGRAPH/>
    <VISIBLE_MINORITY/>
</PERSON-ROW>
<PERSON-ROW>
    <PERSON_ID>42</PERSON_ID>
    <FIRST_NAME>KRISTINA</FIRST_NAME>
    <LAST_NAME>CHANG</LAST_NAME>
    <MIDDLE_NAME>P</MIDDLE_NAME>
    <AKA></AKA>
    <NAME_PREFIX/>
    <NAME_SUFFIX/>
    <SEX>F</SEX>
    <RACE>0</RACE>
    <EEO_TYPE/>
    <BIRTH_DATE>1981-04-02T00:00:00.000000000</BIRTH_DATE>
    <HEIGHT/>
    <WEIGHT/>
    <HEALTH/>
    <DISABILITY/>
    <MILITARY/>
    <CITIZENSHIP>USA</CITIZENSHIP>
    <CITZ_PROOF1/>
    <CITZ_PROOF2/>
    <CITZ_PROOF3/>
    <CITZ_STATUS1/>
    <CITZ_STATUS2/>
    <CITZ_STATUS3/>
    <MARITAL_STATUS>S</MARITAL_STATUS>
    <VISA_NUMBER/>
    <VISA_EXP_DATE/>
    <VISA_TYPE/>
    <VISA_COUNTRY_ISS/>
    <VISA_VALID_FROM/>
    <PASSPORT_NUMBER/>
    <PASSPORT_EXP_DATE/>
    <PASSPORT_COUNTRY/>
    <PASSPORT_VALID_FR/>
    <UPDATE_COUNTER></UPDATE_COUNTER>
    <PHOTOGRAPH/>
    <VISIBLE_MINORITY/>
</PERSON-ROW>
<PERSON-ROW>
    <PERSON_ID>43</PERSON_ID>
    <FIRST_NAME>CRYSTAL</FIRST_NAME>
    <LAST_NAME>POWERS</LAST_NAME>
    <MIDDLE_NAME>G</MIDDLE_NAME>
    <AKA></AKA>
    <NAME_PREFIX/>
    <NAME_SUFFIX/>
    <SEX>F</SEX>
    <RACE>4</RACE>
    <EEO_TYPE/>
    <BIRTH_DATE>1968-10-09T00:00:00.000000000</BIRTH_DATE>
    <HEIGHT/>
    <WEIGHT/>
    <HEALTH/>
    <DISABILITY/>
    <MILITARY/>
    <CITIZENSHIP>USA</CITIZENSHIP>
    <CITZ_PROOF1/>
    <CITZ_PROOF2/>
    <CITZ_PROOF3/>
    <CITZ_STATUS1/>
    <CITZ_STATUS2/>
    <CITZ_STATUS3/>
    <MARITAL_STATUS>M</MARITAL_STATUS>
    <VISA_NUMBER/>
    <VISA_EXP_DATE/>
    <VISA_TYPE/>
    <VISA_COUNTRY_ISS/>
    <VISA_VALID_FROM/>
    <PASSPORT_NUMBER/>
    <PASSPORT_EXP_DATE/>
    <PASSPORT_COUNTRY/>
    <PASSPORT_VALID_FR/>
    <UPDATE_COUNTER></UPDATE_COUNTER>
    <PHOTOGRAPH/>
    <VISIBLE_MINORITY/>
</PERSON-ROW>
<PERSON-ROW>
    <PERSON_ID>44</PERSON_ID>
    <FIRST_NAME>MARCIA</FIRST_NAME>
    <LAST_NAME>WALSH</LAST_NAME>
    <MIDDLE_NAME>Z</MIDDLE_NAME>
    <AKA></AKA>
    <NAME_PREFIX/>
    <NAME_SUFFIX/>
    <SEX>F</SEX>
    <RACE>0</RACE>
    <EEO_TYPE/>
    <BIRTH_DATE>1971-10-07T00:00:00.000000000</BIRTH_DATE>
    <HEIGHT/>
    <WEIGHT/>
    <HEALTH/>
    <DISABILITY/>
    <MILITARY/>
    <CITIZENSHIP>USA</CITIZENSHIP>
    <CITZ_PROOF1/>
    <CITZ_PROOF2/>
    <CITZ_PROOF3/>
    <CITZ_STATUS1/>
    <CITZ_STATUS2/>
    <CITZ_STATUS3/>
    <MARITAL_STATUS>S</MARITAL_STATUS>
    <VISA_NUMBER/>
    <VISA_EXP_DATE/>
    <VISA_TYPE/>
    <VISA_COUNTRY_ISS/>
    <VISA_VALID_FROM/>
    <PASSPORT_NUMBER/>
    <PASSPORT_EXP_DATE/>
    <PASSPORT_COUNTRY/>
    <PASSPORT_VALID_FR/>
    <UPDATE_COUNTER></UPDATE_COUNTER>
    <PHOTOGRAPH/>
    <VISIBLE_MINORITY/>
</PERSON-ROW>
<PERSON-ROW>
    <PERSON_ID>45</PERSON_ID>
    <FIRST_NAME>NEAL</FIRST_NAME>
    <LAST_NAME>SONG</LAST_NAME>
    <MIDDLE_NAME>D</MIDDLE_NAME>
    <AKA></AKA>
    <NAME_PREFIX/>
    <NAME_SUFFIX/>
    <SEX>M</SEX>
    <RACE>0</RACE>
    <EEO_TYPE/>
    <BIRTH_DATE>1980-02-07T00:00:00.000000000</BIRTH_DATE>
    <HEIGHT/>
    <WEIGHT/>
    <HEALTH/>
    <DISABILITY/>
    <MILITARY/>
    <CITIZENSHIP>USA</CITIZENSHIP>
    <CITZ_PROOF1/>
    <CITZ_PROOF2/>
    <CITZ_PROOF3/>
    <CITZ_STATUS1/>
    <CITZ_STATUS2/>
    <CITZ_STATUS3/>
    <MARITAL_STATUS>S</MARITAL_STATUS>
    <VISA_NUMBER/>
    <VISA_EXP_DATE/>
    <VISA_TYPE/>
    <VISA_COUNTRY_ISS/>
    <VISA_VALID_FROM/>
    <PASSPORT_NUMBER/>
    <PASSPORT_EXP_DATE/>
    <PASSPORT_COUNTRY/>
    <PASSPORT_VALID_FR/>
    <UPDATE_COUNTER></UPDATE_COUNTER>
    <PHOTOGRAPH/>
    <VISIBLE_MINORITY/>
</PERSON-ROW>
<PERSON-ROW>
    <PERSON_ID>46</PERSON_ID>
    <FIRST_NAME>JEROME</FIRST_NAME>
    <LAST_NAME>STEELE</LAST_NAME>
    <MIDDLE_NAME>S</MIDDLE_NAME>
    <AKA></AKA>
    <NAME_PREFIX/>
    <NAME_SUFFIX/>
    <SEX>M</SEX>
    <RACE>4</RACE>
    <EEO_TYPE/>
    <BIRTH_DATE>1945-03-08T00:00:00.000000000</BIRTH_DATE>
    <HEIGHT/>
    <WEIGHT/>
    <HEALTH/>
    <DISABILITY/>
    <MILITARY/>
    <CITIZENSHIP>USA</CITIZENSHIP>
    <CITZ_PROOF1/>
    <CITZ_PROOF2/>
    <CITZ_PROOF3/>
    <CITZ_STATUS1/>
    <CITZ_STATUS2/>
    <CITZ_STATUS3/>
    <MARITAL_STATUS>M</MARITAL_STATUS>
    <VISA_NUMBER/>
    <VISA_EXP_DATE/>
    <VISA_TYPE/>
    <VISA_COUNTRY_ISS/>
    <VISA_VALID_FROM/>
    <PASSPORT_NUMBER/>
    <PASSPORT_EXP_DATE/>
    <PASSPORT_COUNTRY/>
    <PASSPORT_VALID_FR/>
    <UPDATE_COUNTER></UPDATE_COUNTER>
    <PHOTOGRAPH/>
    <VISIBLE_MINORITY/>
</PERSON-ROW>
<PERSON-ROW>
    <PERSON_ID>47</PERSON_ID>
    <FIRST_NAME>DARLENE</FIRST_NAME>
    <LAST_NAME>WOODS</LAST_NAME>
    <MIDDLE_NAME>X</MIDDLE_NAME>
    <AKA></AKA>
    <NAME_PREFIX/>
    <NAME_SUFFIX/>
    <SEX>F</SEX>
    <RACE>0</RACE>
    <EEO_TYPE/>
    <BIRTH_DATE>1957-03-10T00:00:00.000000000</BIRTH_DATE>
    <HEIGHT/>
    <WEIGHT/>
    <HEALTH/>
    <DISABILITY/>
    <MILITARY/>
    <CITIZENSHIP>USA</CITIZENSHIP>
    <CITZ_PROOF1/>
    <CITZ_PROOF2/>
    <CITZ_PROOF3/>
    <CITZ_STATUS1/>
    <CITZ_STATUS2/>
    <CITZ_STATUS3/>
    <MARITAL_STATUS>S</MARITAL_STATUS>
    <VISA_NUMBER/>
    <VISA_EXP_DATE/>
    <VISA_TYPE/>
    <VISA_COUNTRY_ISS/>
    <VISA_VALID_FROM/>
    <PASSPORT_NUMBER/>
    <PASSPORT_EXP_DATE/>
    <PASSPORT_COUNTRY/>
    <PASSPORT_VALID_FR/>
    <UPDATE_COUNTER></UPDATE_COUNTER>
    <PHOTOGRAPH/>
    <VISIBLE_MINORITY/>
</PERSON-ROW>
<PERSON-ROW>
    <PERSON_ID>48</PERSON_ID>
    <FIRST_NAME>DONALD</FIRST_NAME>
    <LAST_NAME>CORELLI</LAST_NAME>
    <MIDDLE_NAME>F</MIDDLE_NAME>
    <AKA></AKA>
    <NAME_PREFIX/>
    <NAME_SUFFIX/>
    <SEX>M</SEX>
    <RACE>0</RACE>
    <EEO_TYPE/>
    <BIRTH_DATE>1973-01-27T00:00:00.000000000</BIRTH_DATE>
    <HEIGHT/>
    <WEIGHT/>
    <HEALTH/>
    <DISABILITY/>
    <MILITARY/>
    <CITIZENSHIP>USA</CITIZENSHIP>
    <CITZ_PROOF1/>
    <CITZ_PROOF2/>
    <CITZ_PROOF3/>
    <CITZ_STATUS1/>
    <CITZ_STATUS2/>
    <CITZ_STATUS3/>
    <MARITAL_STATUS>M</MARITAL_STATUS>
    <VISA_NUMBER/>
    <VISA_EXP_DATE/>
    <VISA_TYPE/>
    <VISA_COUNTRY_ISS/>
    <VISA_VALID_FROM/>
    <PASSPORT_NUMBER/>
    <PASSPORT_EXP_DATE/>
    <PASSPORT_COUNTRY/>
    <PASSPORT_VALID_FR/>
    <UPDATE_COUNTER></UPDATE_COUNTER>
    <PHOTOGRAPH/>
    <VISIBLE_MINORITY/>
</PERSON-ROW>
<PERSON-ROW>
    <PERSON_ID>49</PERSON_ID>
    <FIRST_NAME>SHIRLEY</FIRST_NAME>
    <LAST_NAME>CHEN</LAST_NAME>
    <MIDDLE_NAME>D</MIDDLE_NAME>
    <AKA></AKA>
    <NAME_PREFIX/>
    <NAME_SUFFIX/>
    <SEX></SEX>
    <RACE>0</RACE>
    <EEO_TYPE/>
    <BIRTH_DATE>1976-04-27T00:00:00.000000000</BIRTH_DATE>
    <HEIGHT/>
    <WEIGHT/>
    <HEALTH/>
    <DISABILITY/>
    <MILITARY/>
    <CITIZENSHIP>USA</CITIZENSHIP>
    <CITZ_PROOF1/>
    <CITZ_PROOF2/>
    <CITZ_PROOF3/>
    <CITZ_STATUS1/>
    <CITZ_STATUS2/>
    <CITZ_STATUS3/>
    <MARITAL_STATUS>S</MARITAL_STATUS>
    <VISA_NUMBER/>
    <VISA_EXP_DATE/>
    <VISA_TYPE/>
    <VISA_COUNTRY_ISS/>
    <VISA_VALID_FROM/>
    <PASSPORT_NUMBER/>
    <PASSPORT_EXP_DATE/>
    <PASSPORT_COUNTRY/>
    <PASSPORT_VALID_FR/>
    <UPDATE_COUNTER></UPDATE_COUNTER>
    <PHOTOGRAPH/>
    <VISIBLE_MINORITY/>
</PERSON-ROW>
<PERSON-ROW>
    <PERSON_ID>50</PERSON_ID>
    <FIRST_NAME>WILLIAM</FIRST_NAME>
    <LAST_NAME>HALL</LAST_NAME>
    <MIDDLE_NAME>E</MIDDLE_NAME>
    <AKA></AKA>
    <NAME_PREFIX/>
    <NAME_SUFFIX/>
    <SEX>M</SEX>
    <RACE>4</RACE>
    <EEO_TYPE/>
    <BIRTH_DATE>1970-01-21T00:00:00.000000000</BIRTH_DATE>
    <HEIGHT/>
    <WEIGHT/>
    <HEALTH/>
    <DISABILITY/>
    <MILITARY/>
    <CITIZENSHIP>USA</CITIZENSHIP>
    <CITZ_PROOF1/>
    <CITZ_PROOF2/>
    <CITZ_PROOF3/>
    <CITZ_STATUS1/>
    <CITZ_STATUS2/>
    <CITZ_STATUS3/>
    <MARITAL_STATUS>M</MARITAL_STATUS>
    <VISA_NUMBER/>
    <VISA_EXP_DATE/>
    <VISA_TYPE/>
    <VISA_COUNTRY_ISS/>
    <VISA_VALID_FROM/>
    <PASSPORT_NUMBER/>
    <PASSPORT_EXP_DATE/>
    <PASSPORT_COUNTRY/>
    <PASSPORT_VALID_FR/>
    <UPDATE_COUNTER></UPDATE_COUNTER>
    <PHOTOGRAPH/>
    <VISIBLE_MINORITY/>
</PERSON-ROW>
<PERSON-ROW>
    <PERSON_ID>51</PERSON_ID>
    <FIRST_NAME>HARVEY</FIRST_NAME>
    <LAST_NAME>PEABODY</LAST_NAME>
    <MIDDLE_NAME>J</MIDDLE_NAME>
    <AKA></AKA>
    <NAME_PREFIX/>
    <NAME_SUFFIX/>
    <SEX>M</SEX>
    <RACE>0</RACE>
    <EEO_TYPE/>
    <BIRTH_DATE>1962-05-12T00:00:00.000000000</BIRTH_DATE>
    <HEIGHT/>
    <WEIGHT/>
    <HEALTH/>
    <DISABILITY/>
    <MILITARY/>
    <CITIZENSHIP>USA</CITIZENSHIP>
    <CITZ_PROOF1/>
    <CITZ_PROOF2/>
    <CITZ_PROOF3/>
    <CITZ_STATUS1/>
    <CITZ_STATUS2/>
    <CITZ_STATUS3/>
    <MARITAL_STATUS>M</MARITAL_STATUS>
    <VISA_NUMBER/>
    <VISA_EXP_DATE/>
    <VISA_TYPE/>
    <VISA_COUNTRY_ISS/>
    <VISA_VALID_FROM/>
    <PASSPORT_NUMBER/>
    <PASSPORT_EXP_DATE/>
    <PASSPORT_COUNTRY/>
    <PASSPORT_VALID_FR/>
    <UPDATE_COUNTER></UPDATE_COUNTER>
    <PHOTOGRAPH/>
    <VISIBLE_MINORITY/>
</PERSON-ROW>
<PERSON-ROW>
    <PERSON_ID>52</PERSON_ID>
    <FIRST_NAME>JUDITH</FIRST_NAME>
    <LAST_NAME>CROSS</LAST_NAME>
    <MIDDLE_NAME>J</MIDDLE_NAME>
    <AKA></AKA>
    <NAME_PREFIX/>
    <NAME_SUFFIX/>
    <SEX>F</SEX>
    <RACE>0</RACE>
    <EEO_TYPE/>
    <BIRTH_DATE>1960-07-22T00:00:00.000000000</BIRTH_DATE>
    <HEIGHT/>
    <WEIGHT/>
    <HEALTH/>
    <DISABILITY/>
    <MILITARY/>
    <CITIZENSHIP>USA</CITIZENSHIP>
    <CITZ_PROOF1/>
    <CITZ_PROOF2/>
    <CITZ_PROOF3/>
    <CITZ_STATUS1/>
    <CITZ_STATUS2/>
    <CITZ_STATUS3/>
    <MARITAL_STATUS>M</MARITAL_STATUS>
    <VISA_NUMBER/>
    <VISA_EXP_DATE/>
    <VISA_TYPE/>
    <VISA_COUNTRY_ISS/>
    <VISA_VALID_FROM/>
    <PASSPORT_NUMBER/>
    <PASSPORT_EXP_DATE/>
    <PASSPORT_COUNTRY/>
    <PASSPORT_VALID_FR/>
    <UPDATE_COUNTER></UPDATE_COUNTER>
    <PHOTOGRAPH/>
    <VISIBLE_MINORITY/>
</PERSON-ROW>
<PERSON-ROW>
    <PERSON_ID>53</PERSON_ID>
    <FIRST_NAME>CHIP</FIRST_NAME>
    <LAST_NAME>HOLMES</LAST_NAME>
    <MIDDLE_NAME>T</MIDDLE_NAME>
    <AKA></AKA>
    <NAME_PREFIX/>
    <NAME_SUFFIX/>
    <SEX>M</SEX>
    <RACE>0</RACE>
    <EEO_TYPE/>
    <BIRTH_DATE>1978-07-22T00:00:00.000000000</BIRTH_DATE>
    <HEIGHT/>
    <WEIGHT/>
    <HEALTH/>
    <DISABILITY/>
    <MILITARY/>
    <CITIZENSHIP>USA</CITIZENSHIP>
    <CITZ_PROOF1/>
    <CITZ_PROOF2/>
    <CITZ_PROOF3/>
    <CITZ_STATUS1/>
    <CITZ_STATUS2/>
    <CITZ_STATUS3/>
    <MARITAL_STATUS>S</MARITAL_STATUS>
    <VISA_NUMBER/>
    <VISA_EXP_DATE/>
    <VISA_TYPE/>
    <VISA_COUNTRY_ISS/>
    <VISA_VALID_FROM/>
    <PASSPORT_NUMBER/>
    <PASSPORT_EXP_DATE/>
    <PASSPORT_COUNTRY/>
    <PASSPORT_VALID_FR/>
    <UPDATE_COUNTER></UPDATE_COUNTER>
    <PHOTOGRAPH/>
    <VISIBLE_MINORITY/>
</PERSON-ROW>
<PERSON-ROW>
    <PERSON_ID>54</PERSON_ID>
    <FIRST_NAME>GARY</FIRST_NAME>
    <LAST_NAME>WILKS</LAST_NAME>
    <MIDDLE_NAME>T</MIDDLE_NAME>
    <AKA></AKA>
    <NAME_PREFIX/>
    <NAME_SUFFIX/>
    <SEX>M</SEX>
    <RACE>0</RACE>
    <EEO_TYPE/>
    <BIRTH_DATE>1979-03-23T00:00:00.000000000</BIRTH_DATE>
    <HEIGHT/>
    <WEIGHT/>
    <HEALTH/>
    <DISABILITY/>
    <MILITARY/>
    <CITIZENSHIP>USA</CITIZENSHIP>
    <CITZ_PROOF1/>
    <CITZ_PROOF2/>
    <CITZ_PROOF3/>
    <CITZ_STATUS1/>
    <CITZ_STATUS2/>
    <CITZ_STATUS3/>
    <MARITAL_STATUS>S</MARITAL_STATUS>
    <VISA_NUMBER/>
    <VISA_EXP_DATE/>
    <VISA_TYPE/>
    <VISA_COUNTRY_ISS/>
    <VISA_VALID_FROM/>
    <PASSPORT_NUMBER/>
    <PASSPORT_EXP_DATE/>
    <PASSPORT_COUNTRY/>
    <PASSPORT_VALID_FR/>
    <UPDATE_COUNTER></UPDATE_COUNTER>
    <PHOTOGRAPH/>
    <VISIBLE_MINORITY/>
</PERSON-ROW>
<PERSON-ROW>
    <PERSON_ID>55</PERSON_ID>
    <FIRST_NAME>FRANKLIN</FIRST_NAME>
    <LAST_NAME>ZELLER</LAST_NAME>
    <MIDDLE_NAME>B</MIDDLE_NAME>
    <AKA></AKA>
    <NAME_PREFIX/>
    <NAME_SUFFIX/>
    <SEX>M</SEX>
    <RACE>0</RACE>
    <EEO_TYPE/>
    <BIRTH_DATE>1975-09-07T00:00:00.000000000</BIRTH_DATE>
    <HEIGHT/>
    <WEIGHT/>
    <HEALTH/>
    <DISABILITY/>
    <MILITARY/>
    <CITIZENSHIP>USA</CITIZENSHIP>
    <CITZ_PROOF1/>
    <CITZ_PROOF2/>
    <CITZ_PROOF3/>
    <CITZ_STATUS1/>
    <CITZ_STATUS2/>
    <CITZ_STATUS3/>
    <MARITAL_STATUS>M</MARITAL_STATUS>
    <VISA_NUMBER/>
    <VISA_EXP_DATE/>
    <VISA_TYPE/>
    <VISA_COUNTRY_ISS/>
    <VISA_VALID_FROM/>
    <PASSPORT_NUMBER/>
    <PASSPORT_EXP_DATE/>
    <PASSPORT_COUNTRY/>
    <PASSPORT_VALID_FR/>
    <UPDATE_COUNTER></UPDATE_COUNTER>
    <PHOTOGRAPH/>
    <VISIBLE_MINORITY/>
</PERSON-ROW>
</PERSON>